id,Interventions,Type_VHL,Regime,ordre,id_cs,cs,disponible,modularite
361,POMPE,CCR,Soclé,1,1.0,ANTO,1,0
362,VSAV,VSAV,Soclé,1,1.0,ANTO,1,0
363,VSAV,VSAV,Soclé,2,1.0,ANTO,1,0
380,POMPE,FPTL,Soclé,1,2.0,ASNI,1,0
382,VSAV,VSAV,Soclé,1,2.0,ASNI,1,0
128,POMPE,PSE,Modulaire,1,3.0,AUBE,1,130
131,VSAV,VSAV,Soclé,1,3.0,AUBE,1,0
129,POMPE,FPTL,Soclé,2,3.0,AUBE,1,0
130,VSAV,VSAV,Modulaire,2,3.0,AUBE,1,128
61,POMPE,PSE,Modulaire,1,4.0,AULN,1,65
67,VSAV,VSAV,Soclé,1,4.0,AULN,1,0
62,POMPE,FA,Soclé,2,4.0,AULN,1,0
66,VSAV,VSAV,Soclé,2,4.0,AULN,1,0
65,VSAV,VSAV,Modulaire,3,4.0,AULN,1,61
323,POMPE,FPTLHP,Soclé,1,5.0,AUTE,1,0
324,VSAV,VSAV,Soclé,1,5.0,AUTE,1,0
325,VSAV,VSAV,Soclé,2,5.0,AUTE,1,0
364,POMPE,PSE,Modulaire,1,11.0,BGLR,1,366
367,VSAV,VSAV,Soclé,1,11.0,BGLR,1,0
365,POMPE,FPTL,Soclé,2,11.0,BGLR,1,0
366,VSAV,VSAV,Modulaire,2,11.0,BGLR,1,364
34,POMPE,PSE,Modulaire,1,6.0,BITC,1,36
38,VSAV,VSAV,Soclé,1,6.0,BITC,1,0
35,POMPE,FPTL,Soclé,2,6.0,BITC,1,0
37,VSAV,VSAV,Soclé,2,6.0,BITC,1,0
36,VSAV,VSAV,Modulaire,3,6.0,BITC,1,34
1,POMPE,PSE,Modulaire,1,8.0,BLAN,1,4
6,VSAV,VSAV,Soclé,1,8.0,BLAN,1,0
2,POMPE,FPTL,Soclé,2,8.0,BLAN,1,0
5,VSAV,VSAV,Soclé,2,8.0,BLAN,1,0
4,VSAV,VSAV,Modulaire,3,8.0,BLAN,1,1
69,POMPE,CCR,Soclé/omnibus,1,7.0,BLME,1,0
73,VSAV,VSAV,Soclé,1,7.0,BLME,1,0
85,POMPE,PSE,Modulaire,1,9.0,BOND,1,88
89,VSAV,VSAV,Soclé,1,9.0,BOND,1,0
86,POMPE,FPTL,Soclé,2,9.0,BOND,1,0
90,VSAV,VSAV,Soclé,2,9.0,BOND,1,0
88,VSAV,VSAV,Modulaire,3,9.0,BOND,1,85
332,POMPE,PSE,Modulaire,1,10.0,BOUL,1,337
338,VSAV,VSAV,Soclé,1,10.0,BOUL,1,0
333,POMPE,FPTL,Soclé,2,10.0,BOUL,1,0
337,VSAV,VSAV,Modulaire,2,10.0,BOUL,1,332
17,POMPE,FPTL,Soclé,1,12.0,BSLT,1,0
18,VSAV,VSAV,Soclé,1,12.0,BSLT,1,0
19,VSAV,VSAV,Soclé,2,12.0,BSLT,1,0
395,POMPE,PSE,Modulaire,1,23.0,CBVE,1,398
399,VSAV,VSAV,Soclé,1,23.0,CBVE,1,0
396,POMPE,FPTL,Soclé,2,23.0,CBVE,1,0
398,VSAV,VSAV,Modulaire,2,23.0,CBVE,1,395
56,POMPE,PSE,Modulaire,1,16.0,CHAR,1,58
59,VSAV,VSAV,Soclé,1,16.0,CHAR,1,0
57,POMPE,FPTL,Soclé,2,16.0,CHAR,1,0
58,VSAV,VSAV,Modulaire,2,16.0,CHAR,1,56
140,POMPE,PSE,Modulaire,1,13.0,CHLY,1,143
144,VSAV,VSAV,Soclé,1,13.0,CHLY,1,0
141,POMPE,FPTL,Soclé,2,13.0,CHLY,1,0
145,VSAV,VSAV,Soclé,2,13.0,CHLY,1,0
143,VSAV,VSAV,Modulaire,3,13.0,CHLY,1,140
244,POMPE,PSE,Modulaire,1,18.0,CHOI,1,246
247,VSAV,VSAV,Soclé,1,18.0,CHOI,1,0
245,POMPE,FPTL,Soclé,2,18.0,CHOI,1,0
246,VSAV,VSAV,Modulaire,2,18.0,CHOI,1,244
299,POMPE,PSE,Modulaire,1,14.0,CHPT,1,302
304,VSAV,VSAV,Soclé,1,14.0,CHPT,1,0
306,POMPE,CA,Omnibus,1,14.0,CHPT,1,0
300,POMPE,FA,Soclé,2,14.0,CHPT,1,0
303,VSAV,VSAV,Soclé,2,14.0,CHPT,1,0
302,VSAV,VSAV,Modulaire,3,14.0,CHPT,1,299
197,POMPE,PSE,Modulaire,1,15.0,CHPY,1,203
204,VSAV,VSAV,Soclé,1,15.0,CHPY,1,0
198,POMPE,FPTL,Soclé,2,15.0,CHPY,1,0
203,VSAV,VSAV,Modulaire,2,15.0,CHPY,1,197
180,POMPE,PSE,Modulaire,1,17.0,CHTO,1,182
183,VSAV,VSAV,Soclé,1,17.0,CHTO,1,0
181,POMPE,FPTL,Soclé,2,17.0,CHTO,1,0
182,VSAV,VSAV,Modulaire,2,17.0,CHTO,1,180
368,POMPE,FPTL,Soclé,1,19.0,CLAM,1,0
369,VSAV,VSAV,Soclé,1,19.0,CLAM,1,0
370,VSAV,VSAV,Soclé,2,19.0,CLAM,1,0
77,POMPE,PSE,Modulaire,1,20.0,CLIC,1,83
84,VSAV,VSAV,Soclé,1,20.0,CLIC,1,0
78,POMPE,FPTL,Soclé,2,20.0,CLIC,1,0
83,VSAV,VSAV,Modulaire,2,20.0,CLIC,1,77
383,POMPE,PSE,Modulaire,1,21.0,COBE,1,385
386,VSAV,VSAV,Soclé,1,21.0,COBE,1,0
384,POMPE,FPTL,Soclé,2,21.0,COBE,1,0
385,VSAV,VSAV,Modulaire,2,21.0,COBE,1,383
290,POMPE,PSE,Modulaire,1,22.0,COBI,1,293
294,VSAV,VSAV,Soclé,1,22.0,COBI,1,0
291,POMPE,FPTL,Soclé,2,22.0,COBI,1,0
293,VSAV,VSAV,Modulaire,2,22.0,COBI,1,290
214,POMPE,PSE,Modulaire,1,24.0,CRET,1,219
220,VSAV,VSAV,Soclé,1,24.0,CRET,1,0
215,POMPE,FA,Soclé,2,24.0,CRET,1,0
219,VSAV,VSAV,Modulaire,2,24.0,CRET,1,214
307,POMPE,FPTL,Soclé,1,25.0,DAUP,1,0
310,VSAV,VSAV,Soclé,1,25.0,DAUP,1,0
311,VSAV,VSAV,Soclé,2,25.0,DAUP,1,0
91,POMPE,PSE,Modulaire,1,26.0,DRAN,1,93
95,VSAV,VSAV,Soclé,1,26.0,DRAN,1,0
92,POMPE,FPTL,Soclé,2,26.0,DRAN,1,0
94,VSAV,VSAV,Soclé,2,26.0,DRAN,1,0
93,VSAV,VSAV,Modulaire,3,26.0,DRAN,1,91
377,VSAV,VSAV,Soclé,1,27.0,GENN,1,0
379,POMPE,PSE,Mod omnibus,1,27.0,GENN,1,376
373,POMPE,FA,Soclé,2,27.0,GENN,1,0
376,VSAV,VSAV,Modulaire,2,27.0,GENN,1,379
372,POMPE,FMOGP,Omnibus,3,27.0,GENN,1,0
316,POMPE,PSE,Modulaire,1,28.0,GREN,1,320
321,VSAV,VSAV,Soclé,1,28.0,GREN,1,0
317,POMPE,FPTL,Soclé,2,28.0,GREN,1,0
322,VSAV,VSAV,Soclé,2,28.0,GREN,1,0
320,VSAV,VSAV,Modulaire,3,28.0,GREN,1,316
327,POMPE,FPTL,Soclé/omnibus,1,29.0,ISSY,1,0
330,VSAV,VSAV,Soclé,1,29.0,ISSY,1,0
167,POMPE,FPTL,Soclé/omnibus,1,30.0,IVRY,1,0
171,VSAV,VSAV,Soclé,1,30.0,IVRY,1,0
172,VSAV,VSAV,Soclé,2,30.0,IVRY,1,0
132,POMPE,PSE,Modulaire,1,31.0,LACO,1,134
135,VSAV,VSAV,Soclé,1,31.0,LACO,1,0
133,POMPE,FPTL,Soclé,2,31.0,LACO,1,0
134,VSAV,VSAV,Modulaire,2,31.0,LACO,1,132
25,POMPE,PSE,Modulaire,1,32.0,LAND,1,31
32,VSAV,VSAV,Soclé,1,32.0,LAND,1,0
26,POMPE,FPTL,Soclé,2,32.0,LAND,1,0
33,VSAV,VSAV,Soclé,2,32.0,LAND,1,0
31,VSAV,VSAV,Modulaire,3,32.0,LAND,1,25
312,POMPE,FPTL,Soclé,1,33.0,LEVA,1,0
313,VSAV,VSAV,Soclé,1,33.0,LEVA,1,0
314,VSAV,VSAV,Soclé,2,33.0,LEVA,1,0
295,POMPE,FPTL,Soclé,1,35.0,MALA,1,0
296,VSAV,VSAV,Soclé,1,35.0,MALA,1,0
297,VSAV,VSAV,Soclé,2,35.0,MALA,1,0
222,POMPE,FPTLHP,Soclé,1,34.0,MALF,1,0
223,VSAV,VSAV,Soclé,1,34.0,MALF,1,0
224,VSAV,VSAV,Soclé,2,34.0,MALF,1,0
154,POMPE,PSE,Modulaire,1,36.0,MASS,1,160
161,VSAV,VSAV,Soclé,1,36.0,MASS,1,0
155,POMPE,FA,Soclé,2,36.0,MASS,1,0
162,VSAV,VSAV,Soclé/NRBC,2,36.0,MASS,1,0
160,VSAV,VSAV,Modulaire,3,36.0,MASS,1,154
48,POMPE,PSE,Modulaire,1,37.0,MENI,1,53
54,VSAV,VSAV,Soclé,1,37.0,MENI,1,0
49,POMPE,FA,Soclé,2,37.0,MENI,1,0
55,VSAV,VSAV,Soclé,2,37.0,MENI,1,0
53,VSAV,VSAV,Modulaire,3,37.0,MENI,1,48
340,POMPE,FPTL,Soclé,1,38.0,MEUD,1,0
341,VSAV,VSAV,Soclé,1,38.0,MEUD,1,0
285,POMPE,PSE,Modulaire,1,41.0,MTGE,1,287
288,VSAV,VSAV,Soclé,1,41.0,MTGE,1,0
286,POMPE,FPTL,Soclé,2,41.0,MTGE,1,0
287,VSAV,VSAV,Modulaire,2,41.0,MTGE,1,285
10,POMPE,PSE,Modulaire,1,39.0,MTMA,1,13
14,VSAV,VSAV,Soclé,1,39.0,MTMA,1,0
11,POMPE,FPTL,Soclé,2,39.0,MTMA,1,0
15,VSAV,VSAV,Soclé,2,39.0,MTMA,1,0
16,VSAV,VSAV,Soclé/NRBC,3,39.0,MTMA,1,0
13,VSAV,VSAV,Modulaire,4,39.0,MTMA,1,10
104,POMPE,PSE,Modulaire,1,40.0,MTRL,1,109
111,VSAV,VSAV,Soclé,1,40.0,MTRL,1,0
105,POMPE,FA,Soclé,2,40.0,MTRL,1,0
110,VSAV,VSAV,Soclé,2,40.0,MTRL,1,0
109,VSAV,VSAV,Modulaire,3,40.0,MTRL,1,104
388,POMPE,PSE,Modulaire,1,42.0,NANT,1,393
394,VSAV,VSAV,Soclé,1,42.0,NANT,1,0
389,POMPE,FPTL,Soclé,2,42.0,NANT,1,0
393,VSAV,VSAV,Modulaire,2,42.0,NANT,1,388
147,POMPE,FPTL,Soclé,1,43.0,NATI,1,0
148,VSAV,VSAV,Soclé,1,43.0,NATI,1,0
149,VSAV,VSAV,Soclé,2,43.0,NATI,1,0
112,POMPE,FPTL,Soclé,1,44.0,NEUI,1,0
113,VSAV,VSAV,Soclé,1,44.0,NEUI,1,0
205,POMPE,FPTL,Soclé,1,45.0,NOGT,1,0
207,VSAV,VSAV,Soclé,1,45.0,NOGT,1,0
208,VSAV,VSAV,Soclé,2,45.0,NOGT,1,0
209,POMPE,PSE,Modulaire,1,46.0,NOIS,1,211
212,VSAV,VSAV,Soclé,1,46.0,NOIS,1,0
210,POMPE,FPTL,Soclé,2,46.0,NOIS,1,0
211,VSAV,VSAV,Modulaire,2,46.0,NOIS,1,209
39,POMPE,PSE,Modulaire,1,47.0,PANT,1,43
44,VSAV,VSAV,Soclé,1,47.0,PANT,1,0
41,POMPE,FPTL,Soclé/omnibus,2,47.0,PANT,1,0
43,VSAV,VSAV,Modulaire,2,47.0,PANT,1,39
40,POMPE,FMOGP,Omnibus,3,47.0,PANT,1,0
191,POMPE,PSE,Modulaire,1,48.0,PARM,1,193
194,VSAV,VSAV,Soclé,1,48.0,PARM,1,0
192,POMPE,FPTL,Soclé,2,48.0,PARM,1,0
195,VSAV,VSAV,Soclé,2,48.0,PARM,1,0
193,VSAV,VSAV,Modulaire,3,48.0,PARM,1,191
136,POMPE,FPTL,Soclé,1,49.0,PIER,1,0
137,VSAV,VSAV,Soclé,1,49.0,PIER,1,0
138,VSAV,VSAV,Soclé,2,49.0,PIER,1,0
279,POMPE,PSE,Modulaire,1,50.0,PLAI,1,282
284,VSAV,VSAV,Soclé,1,50.0,PLAI,1,0
280,POMPE,FPTL,Soclé,2,50.0,PLAI,1,0
283,VSAV,VSAV,Soclé,2,50.0,PLAI,1,0
282,VSAV,VSAV,Modulaire,3,50.0,PLAI,1,279
354,POMPE,PSE,Modulaire,1,51.0,PLCL,1,359
360,VSAV,VSAV,Soclé,1,51.0,PLCL,1,0
355,POMPE,FA,Soclé,2,51.0,PLCL,1,0
359,VSAV,VSAV,Modulaire,2,51.0,PLCL,1,354
163,POMPE,FPTL,Soclé,1,52.0,POIS,1,0
164,VSAV,VSAV,Soclé,1,52.0,POIS,1,0
165,VSAV,VSAV,Soclé,2,52.0,POIS,1,0
272,POMPE,PSE,Modulaire,1,53.0,PROY,1,276
277,VSAV,VSAV,Soclé,1,53.0,PROY,1,0
273,POMPE,FPTL,Soclé,2,53.0,PROY,1,0
278,VSAV,VSAV,Soclé/NRBC,2,53.0,PROY,1,0
276,VSAV,VSAV,Modulaire,3,53.0,PROY,1,272
400,POMPE,FPTL,Soclé,1,54.0,PUTX,1,0
403,VSAV,VSAV,Soclé,1,54.0,PUTX,1,0
404,VSAV,VSAV,Soclé,2,54.0,PUTX,1,0
174,POMPE,PSE,Modulaire,1,55.0,ROUS,1,178
179,VSAV,VSAV,Soclé,1,55.0,ROUS,1,0
175,POMPE,FPTL,Soclé,2,55.0,ROUS,1,0
178,VSAV,VSAV,Modulaire,2,55.0,ROUS,1,174
405,POMPE,CCR,Soclé,1,56.0,RUEI,1,0
406,VSAV,VSAV,Soclé,1,56.0,RUEI,1,0
237,POMPE,PSE,Modulaire,1,57.0,RUNG,1,243
238,POMPE,FA,Soclé,1,57.0,RUNG,1,0
243,VSAV,VSAV,Modulaire,1,57.0,RUNG,1,237
185,POMPE,PSE,Modulaire,1,63.0,SEVI,1,188
189,VSAV,VSAV,Soclé,1,63.0,SEVI,1,0
186,POMPE,FPTL,Soclé,2,63.0,SEVI,1,0
188,VSAV,VSAV,Modulaire,2,63.0,SEVI,1,185
342,POMPE,FPTL,Soclé,1,58.0,STCL,1,0
343,VSAV,VSAV,Soclé,1,58.0,STCL,1,0
119,POMPE,PSE,Modulaire,1,59.0,STDE,1,125
127,VSAV,VSAV,Soclé,1,59.0,STDE,1,0
120,POMPE,FA,Soclé,2,59.0,STDE,1,0
126,VSAV,VSAV,Soclé,2,59.0,STDE,1,0
125,VSAV,VSAV,Modulaire,3,59.0,STDE,1,119
7,POMPE,FPTL,Soclé,1,60.0,STHO,1,0
8,VSAV,VSAV,Soclé,1,60.0,STHO,1,0
259,POMPE,PSE,Modulaire,1,62.0,STMR,1,264
265,VSAV,VSAV,Soclé,1,62.0,STMR,1,0
260,POMPE,FPTL,Soclé,2,62.0,STMR,1,0
264,VSAV,VSAV,Modulaire,2,62.0,STMR,1,259
22,POMPE,PSE,Modulaire,1,61.0,STOU,1,21
23,VSAV,VSAV,Soclé,1,61.0,STOU,1,0
20,POMPE,FPTLHP,Soclé,2,61.0,STOU,1,0
21,VSAV,VSAV,Modulaire,2,61.0,STOU,1,22
267,POMPE,CCR,Soclé,1,64.0,SUCY,1,0
268,VSAV,VSAV,Soclé,1,64.0,SUCY,1,0
74,POMPE,CCR,Soclé,1,71.0,TREM,1,0
75,VSAV,VSAV,Soclé,1,71.0,TREM,1,0
248,POMPE,FMOGP,Omnibus,1,66.0,VIJF,1,0
249,POMPE,FPTL,Soclé/omnibus,1,66.0,VIJF,1,0
251,VSAV,VSAV,Soclé,1,66.0,VIJF,1,0
252,VSAV,VSAV,Soclé,2,66.0,VIJF,1,0
269,POMPE,PSE,Modulaire,1,65.0,VILC,1,270
270,VSAV,VSAV,Modulaire,1,65.0,VILC,1,269
114,POMPE,PSE,Modulaire,1,67.0,VIMB,1,116
117,VSAV,VSAV,Soclé,1,67.0,VIMB,1,0
115,POMPE,FPTL,Soclé,2,67.0,VIMB,1,0
116,VSAV,VSAV,Modulaire,2,67.0,VIMB,1,114
150,POMPE,CCR,Soclé,1,69.0,VINC,1,0
151,VSAV,VSAV,Soclé,1,69.0,VINC,1,0
152,VSAV,VSAV,Soclé,2,69.0,VINC,1,0
225,POMPE,PSE,Modulaire,1,68.0,VISG,1,227
228,VSAV,VSAV,Soclé,1,68.0,VISG,1,0
226,POMPE,CCR,Soclé,2,68.0,VISG,1,0
227,VSAV,VSAV,Modulaire,2,68.0,VISG,1,225
254,POMPE,PSE,Modulaire,1,70.0,VITR,1,256
257,VSAV,VSAV,Soclé,1,70.0,VITR,1,0
255,POMPE,FPTL,Soclé,2,70.0,VITR,1,0
256,VSAV,VSAV,Modulaire,2,70.0,VITR,1,254
