IdInterventionSolution,CMA,LibelleCompo,LibelleMotifAlerte,Engins,Volume,n
570,P.RA,Groupe "RAMASSAGE PRA",PLAN ROUGE Alpha,EP,2,20
570,P.RA,Groupe "RAMASSAGE PRA",PLAN ROUGE Alpha,VLR,1,20
8250,G.VU,G.VU - Élément "sécurisation",Groupe violences urbaines,EP,1,7
24165,905,1er départ,Odeur suspecte ,EP,1,9684
80344,A18,Mise en indisponibilité des MMA du CS,CS Agressé,EP,3,47
80344,A18,Mise en indisponibilité des MMA du CS,CS Agressé,VLR,3,47
80344,A18,Mise en indisponibilité des MMA du CS,CS Agressé,VID,3,47
101091,NOVI SUD,NOVI SUD (composante INC/SSUAP),Nombreuse Victimes SUD,EP,4,90
101091,NOVI SUD,NOVI SUD (composante INC/SSUAP),Nombreuse Victimes SUD,VSAV,5,90
101091,NOVI SUD,NOVI SUD (composante INC/SSUAP),Nombreuse Victimes SUD,VLR,2,90
101091,NOVI SUD,NOVI SUD (composante INC/SSUAP),Nombreuse Victimes SUD,VPMA,1,90
7663,930,Détachement extérieur,Détachement extérieur,VLR,1,336
54656,802,1er départ,Levée de doute pollution terrestre,VI NRBC,1,85
80281,327,PROCEDURE BLANCHE / ORANGE,Personne blessée par arme blanche,FA non FACA,1,12431
69312,EGP,EGP Ensemble grande puissance,Ensemble grande puissance,BEAA,1,348
69312,EGP,EGP Ensemble grande puissance,Ensemble grande puissance,FA,1,348
69312,EGP,EGP Ensemble grande puissance,Ensemble grande puissance,CA,1,348
69312,EGP,EGP Ensemble grande puissance,Ensemble grande puissance,BEAA,1,348
69312,EGP,EGP Ensemble grande puissance,Ensemble grande puissance,VPB,1,348
69312,EGP,EGP Ensemble grande puissance,Ensemble grande puissance,BEAA,1,348
69312,EGP,EGP Ensemble grande puissance,Ensemble grande puissance,PST,1,348
69312,EGP,EGP Ensemble grande puissance,Ensemble grande puissance,FMOGP,1,348
69312,EGP,EGP Ensemble grande puissance,Ensemble grande puissance,VLR,1,348
69312,EGP,EGP Ensemble grande puissance,Ensemble grande puissance,VPS,1,348
69312,EGP,EGP Ensemble grande puissance,Ensemble grande puissance,VPB 26T,1,348
89352,G.SOUT,G.SOUT Intempéries,Groupe Soutien Opérationnel,VIGI,2,5
89352,G.SOUT,G.SOUT Intempéries,Groupe Soutien Opérationnel,SP,1,5
89352,G.SOUT,G.SOUT Intempéries,Groupe Soutien Opérationnel,VLR,1,5
54164,EQ.CHIM,Equipe chimique,Equipe chimique,VRCH,1,1
68095,G.CAI,Groupe Centre d'Accueil des Impliqués,Groupe centre d'accueil des  impliqués,G. CAI,1,19
54914,2081,1er départ,Accident fluvial de bateau sans passager,EP,1,41
54914,2081,1er départ,Accident fluvial de bateau sans passager,EP,1,41
54914,2081,1er départ,Accident fluvial de bateau sans passager,VLR,1,41
93196,P.JAUNE,Module 3 : Commandement (Niveau médical) ,PLAN JAUNE,CMO SAN,1,24
93196,P.JAUNE,Module 3 : Commandement (Niveau médical) ,PLAN JAUNE,VAS,1,24
93196,P.JAUNE,Module 3 : Commandement (Niveau médical) ,PLAN JAUNE,LOUV EQUI,1,24
93196,P.JAUNE,Module 3 : Commandement (Niveau médical) ,PLAN JAUNE,CCR,1,24
9143,210,1er départ,Bateau à la dérive ,EP,1,726
9143,210,1er départ,Bateau à la dérive ,VLR,1,726
103979,260,1er départ - G.ETARE; VRID - POINT ZOULOU ou A L'ADRESSE,Chute d'aéronef ZA BSPP,VLR,1,8
103979,260,1er départ - G.ETARE; VRID - POINT ZOULOU ou A L'ADRESSE,Chute d'aéronef ZA BSPP,EP,1,8
103979,260,1er départ - G.ETARE; VRID - POINT ZOULOU ou A L'ADRESSE,Chute d'aéronef ZA BSPP,VSAV,1,8
103979,260,1er départ - G.ETARE; VRID - POINT ZOULOU ou A L'ADRESSE,Chute d'aéronef ZA BSPP,VLR,1,8
103979,260,1er départ - G.ETARE; VRID - POINT ZOULOU ou A L'ADRESSE,Chute d'aéronef ZA BSPP,EP,1,8
103979,260,1er départ - G.ETARE; VRID - POINT ZOULOU ou A L'ADRESSE,Chute d'aéronef ZA BSPP,EP,1,8
103979,260,1er départ - G.ETARE; VRID - POINT ZOULOU ou A L'ADRESSE,Chute d'aéronef ZA BSPP,EPA,1,8
54865,205,1er départ,Accident de circulation concernant un véhicule de transport de matières dangereuses,VLR,1,41
54865,205,1er départ,Accident de circulation concernant un véhicule de transport de matières dangereuses,EP,1,41
54865,205,1er départ,Accident de circulation concernant un véhicule de transport de matières dangereuses,VSAV,1,41
54865,205,1er départ,Accident de circulation concernant un véhicule de transport de matières dangereuses,VLR,1,41
54865,205,1er départ,Accident de circulation concernant un véhicule de transport de matières dangereuses,EP,1,41
54865,205,1er départ,Accident de circulation concernant un véhicule de transport de matières dangereuses,EP,1,41
54865,205,1er départ,Accident de circulation concernant un véhicule de transport de matières dangereuses,EPA,1,41
9149,312,1er départ,Personne noyée en plan d'eau ou en cours d'eau ,EP,1,2408
9275,378,SAV DUPLEX,Secours à personne DUPLEX A86,EP,1,2
93359,G.INC,Groupe incendie,Groupe incendie,CRAC,1,3146
93359,G.INC,Groupe incendie,Groupe incendie,CD,1,3146
93359,G.INC,Groupe incendie,Groupe incendie,BEAA,1,3146
93359,G.INC,Groupe incendie,Groupe incendie,BEAA,1,3146
93359,G.INC,Groupe incendie,Groupe incendie,CA,1,3146
93359,G.INC,Groupe incendie,Groupe incendie,VPB,1,3146
93359,G.INC,Groupe incendie,Groupe incendie,PST,1,3146
93359,G.INC,Groupe incendie,Groupe incendie,BEAA,1,3146
93359,G.INC,Groupe incendie,Groupe incendie,BEAA,1,3146
93359,G.INC,Groupe incendie,Groupe incendie,VLR,1,3146
93359,G.INC,Groupe incendie,Groupe incendie,VLR,1,3146
93359,G.INC,Groupe incendie,Groupe incendie,VAC,1,3146
93359,G.INC,Groupe incendie,Groupe incendie,VAC,1,3146
93359,G.INC,Groupe incendie,Groupe incendie,VAC,1,3146
93359,G.INC,Groupe incendie,Groupe incendie,VAC,1,3146
88021,R.SEC,Renfort secours,Renfort secours,VEC,1,133
88021,R.SEC,Renfort secours,Renfort secours,FNPC,1,133
88021,R.SEC,Renfort secours,Renfort secours,VLR,1,133
88021,R.SEC,Renfort secours,Renfort secours,VLR,1,133
93359,G.INC,Groupe incendie,Groupe incendie,VLR,1,3146
93359,G.INC,Groupe incendie,Groupe incendie,VLR,1,3146
102911,913,317 SUD,Mise en place d'un détachement prépositionné,EP,1,74
102911,913,317 SUD,Mise en place d'un détachement prépositionné,VLR,1,74
102911,913,317 SUD,Mise en place d'un détachement prépositionné,VSAV,2,74
88021,R.SEC,Renfort secours,Renfort secours,VAC,1,133
88021,R.SEC,Renfort secours,Renfort secours,VLR,1,133
8347,971,Exercice maison du feu,Exercice maison du feu,VPC GIS,1,30
88021,R.SEC,Renfort secours,Renfort secours,VLR,1,133
88021,R.SEC,Renfort secours,Renfort secours,VLR,1,133
88021,R.SEC,Renfort secours,Renfort secours,VLR,1,133
88021,R.SEC,Renfort secours,Renfort secours,CELD,1,133
88021,R.SEC,Renfort secours,Renfort secours,CELD,1,133
88021,R.SEC,Renfort secours,Renfort secours,CELD,1,133
88021,R.SEC,Renfort secours,Renfort secours,VSAV,1,133
88021,R.SEC,Renfort secours,Renfort secours,VSAV,1,133
88021,R.SEC,Renfort secours,Renfort secours,VSAV,1,133
88021,R.SEC,Renfort secours,Renfort secours,EP,1,133
88021,R.SEC,Renfort secours,Renfort secours,EP,1,133
88021,R.SEC,Renfort secours,Renfort secours,VLR,1,133
93359,G.INC,Groupe incendie,Groupe incendie,VSAV,1,3146
93359,G.INC,Groupe incendie,Groupe incendie,CELD,1,3146
93359,G.INC,Groupe incendie,Groupe incendie,CELD,1,3146
93359,G.INC,Groupe incendie,Groupe incendie,VLR,1,3146
93359,G.INC,Groupe incendie,Groupe incendie,VLR,1,3146
93359,G.INC,Groupe incendie,Groupe incendie,VLR,1,3146
93359,G.INC,Groupe incendie,Groupe incendie,VLR,1,3146
93359,G.INC,Groupe incendie,Groupe incendie,EP,1,3146
93359,G.INC,Groupe incendie,Groupe incendie,EP,1,3146
93359,G.INC,Groupe incendie,Groupe incendie,VREX,1,3146
93359,G.INC,Groupe incendie,Groupe incendie,VREX,1,3146
93359,G.INC,Groupe incendie,Groupe incendie,VLTT,1,3146
93359,G.INC,Groupe incendie,Groupe incendie,VLTT,1,3146
473,204,1er départ,Accident de circulation concernant un véhicule de transport en commun ou de tramway ,EP,1,654
76803,R.CDT,Renfort commandement médical (Niveau médical),Renfort commandement,CMO SAN,1,8
76803,R.CDT,Renfort commandement médical (Niveau médical),Renfort commandement,VAS,1,8
76803,R.CDT,Renfort commandement médical (Niveau médical),Renfort commandement,LOUV EQUI,1,8
76803,R.CDT,Renfort commandement médical (Niveau médical),Renfort commandement,CCR,1,8
88021,R.SEC,Renfort secours,Renfort secours,VRSD,1,133
88021,R.SEC,Renfort secours,Renfort secours,VLR,1,133
88021,R.SEC,Renfort secours,Renfort secours,VLR,1,133
88021,R.SEC,Renfort secours,Renfort secours,VRSD,1,133
88021,R.SEC,Renfort secours,Renfort secours,VRSD,1,133
88021,R.SEC,Renfort secours,Renfort secours,CESD,1,133
88021,R.SEC,Renfort secours,Renfort secours,CESD,1,133
88021,R.SEC,Renfort secours,Renfort secours,VIMP,1,133
88021,R.SEC,Renfort secours,Renfort secours,VIMP,1,133
88021,R.SEC,Renfort secours,Renfort secours,VEC,1,133
88021,R.SEC,Renfort secours,Renfort secours,VEC,1,133
88021,R.SEC,Renfort secours,Renfort secours,VLR,1,133
88021,R.SEC,Renfort secours,Renfort secours,VLR,1,133
88021,R.SEC,Renfort secours,Renfort secours,VLR,1,133
88021,R.SEC,Renfort secours,Renfort secours,VLR,1,133
88021,R.SEC,Renfort secours,Renfort secours,VEC,1,133
93359,G.INC,Groupe incendie,Groupe incendie,FMOGP,1,3146
93359,G.INC,Groupe incendie,Groupe incendie,FMOGP,1,3146
93359,G.INC,Groupe incendie,Groupe incendie,VLR,1,3146
93359,G.INC,Groupe incendie,Groupe incendie,VLR,1,3146
88021,R.SEC,Renfort secours,Renfort secours,VEC,1,133
88021,R.SEC,Renfort secours,Renfort secours,SPTT,1,133
93359,G.INC,Groupe incendie,Groupe incendie,VRID,1,3146
93359,G.INC,Groupe incendie,Groupe incendie,VRID,1,3146
88021,R.SEC,Renfort secours,Renfort secours,SPTT,1,133
88021,R.SEC,Renfort secours,Renfort secours,VLR,1,133
88021,R.SEC,Renfort secours,Renfort secours,EP,1,133
88021,R.SEC,Renfort secours,Renfort secours,VSAV,1,133
88021,R.SEC,Renfort secours,Renfort secours,VLR,1,133
88021,R.SEC,Renfort secours,Renfort secours,EP,1,133
88021,R.SEC,Renfort secours,Renfort secours,EP,1,133
88021,R.SEC,Renfort secours,Renfort secours,EPA,1,133
93359,G.INC,Groupe incendie,Groupe incendie,VPMA,1,3146
93359,G.INC,Groupe incendie,Groupe incendie,VLR,1,3146
88021,R.SEC,Renfort secours,Renfort secours,VLR,1,133
88021,R.SEC,Renfort secours,Renfort secours,VLR,1,133
4217,OSG,Off sup GPT,Officier Supérieur de garde GPT,VLR,1,1102
4217,OSG,Off sup GPT,Officier Supérieur de garde GPT,VAS,1,1102
9137,209,1er départ,Bateau menaçant de couler ,EP,1,381
9137,209,1er départ,Bateau menaçant de couler ,VLR,1,381
24148,6102,1er départ,Fuite de gaz PGR cas A2 (fuite ouverte),VLR,1,2600
24148,6102,1er départ,Fuite de gaz PGR cas A2 (fuite ouverte),EP,1,2600
24148,6102,1er départ,Fuite de gaz PGR cas A2 (fuite ouverte),EP,1,2600
530,612,1er départ,Fuite d'hydrocarbure dans un local ,VLR,1,179
530,612,1er départ,Fuite d'hydrocarbure dans un local ,EP,1,179
93359,G.INC,Groupe incendie,Groupe incendie,VLR,1,3146
93202,P.JAUNE,Module 8 : Alerte à la population,PLAN JAUNE,VLR,1,4
7019,4070,1er départ,Aliéné armé (sur réquisition),EP,1,2
7019,4070,1er départ,Aliéné armé (sur réquisition),VLR,1,2
54158,G.RANI,Groupe risque animalier,Groupe risque animalier,VRA,1,195
54158,G.RANI,Groupe risque animalier,Groupe risque animalier,VLR,1,195
88227,8140,1er départ,Plis; colis; enveloppes (suspicion d'agents NRBC) sur réquisition police,VLR,1,12
88227,8140,1er départ,Plis; colis; enveloppes (suspicion d'agents NRBC) sur réquisition police,VPC GIS,1,12
66804,VPB + BPM,1er départ,Véhicule porte-berce + Berce producteur mousse,VPB,1,200
100527,317,1er départ,Attentat hors Explosion / NRBC,EP,1,131
100527,317,1er départ,Attentat hors Explosion / NRBC,VSAV,2,131
100527,317,1er départ,Attentat hors Explosion / NRBC,VLR,1,131
100527,317,1er départ,Attentat hors Explosion / NRBC,VLR,1,131
66263,301,Procédure ROUGE,Personne malade lieu public (VP; ERP; ...),VSAV,1,11608
54642,R.CDT,Renfort commandement,Renfort commandement,VSTI,1,256
93362,R.INC après G.INC,CPLT EGP - Ensemble Grande Puissance,Renfort incendie après groupe incendie,FA,1,98
93362,R.INC après G.INC,CPLT EGP - Ensemble Grande Puissance,Renfort incendie après groupe incendie,CA,1,98
93362,R.INC après G.INC,CPLT EGP - Ensemble Grande Puissance,Renfort incendie après groupe incendie,BEAA,1,98
93362,R.INC après G.INC,CPLT EGP - Ensemble Grande Puissance,Renfort incendie après groupe incendie,VPB,1,98
93362,R.INC après G.INC,CPLT EGP - Ensemble Grande Puissance,Renfort incendie après groupe incendie,BEAA,1,98
93362,R.INC après G.INC,CPLT EGP - Ensemble Grande Puissance,Renfort incendie après groupe incendie,PST,1,98
93362,R.INC après G.INC,CPLT EGP - Ensemble Grande Puissance,Renfort incendie après groupe incendie,VPS,1,98
93362,R.INC après G.INC,CPLT EGP - Ensemble Grande Puissance,Renfort incendie après groupe incendie,VPS,1,98
93362,R.INC après G.INC,CPLT EGP - Ensemble Grande Puissance,Renfort incendie après groupe incendie,VPB 26T,1,98
54934,EQ.MED,Equipe médicale,Equipe médicale,AR,1,43
54161,G.NAUT,Groupe nautique,Groupe nautique,CSP,1,141
54161,G.NAUT,Groupe nautique,Groupe nautique,DEP,1,141
54152,G.PMA,Groupe poste médical avancé (Niveau médical) ,Groupe poste médical avancé,AR,1,130
7036,9100,1er départ,Engin explosif (sur réquisition),EP,1,2
7036,9100,1er départ,Engin explosif (sur réquisition),VLR,1,2
54642,R.CDT,Renfort commandement,Renfort commandement,VLR,1,256
54642,R.CDT,Renfort commandement,Renfort commandement,VPC APP,1,256
54642,R.CDT,Renfort commandement,Renfort commandement,VLR,1,256
54642,R.CDT,Renfort commandement,Renfort commandement,VAC,1,256
54642,R.CDT,Renfort commandement,Renfort commandement,VAC,1,256
54642,R.CDT,Renfort commandement,Renfort commandement,VSTI,1,256
54642,R.CDT,Renfort commandement,Renfort commandement,VSTI,1,256
54642,R.CDT,Renfort commandement,Renfort commandement,VPC APP,1,256
404,103,1er départ,Feu de véhicule léger / utilitaire à l'air libre,EP,1,9261
80278,318,1er départ,Personne blessée par arme à feu,EP,1,1364
80278,318,1er départ,Personne blessée par arme à feu,VSAV,1,1364
80278,318,1er départ,Personne blessée par arme à feu,FA non FACA,1,1364
80278,318,1er départ,Personne blessée par arme à feu,VSAV,1,1364
54161,G.NAUT,Groupe nautique,Groupe nautique,VPC CRF,1,141
8247,G.VU,G.VU - Élément "action",Groupe violences urbaines,VPC GIS,1,48
89355,S.SOUT,S.SOUT - Opération importante,Section Soutien Opérationnel,VIGI,4,18
89355,S.SOUT,S.SOUT - Opération importante,Section Soutien Opérationnel,SP,2,18
89355,S.SOUT,S.SOUT - Opération importante,Section Soutien Opérationnel,SPCT,1,18
89355,S.SOUT,S.SOUT - Opération importante,Section Soutien Opérationnel,VLR,2,18
54642,R.CDT,Renfort commandement,Renfort commandement,DAP,1,256
66309,309,Procédure ROUGE,Personne intoxiquée ,VSAV,1,251
27202,942,1er départ,Appel de détresse DATI sans indication (Dispositif d'Alarme du Travailleur Isolé),EP,1,444
567,404,1er départ,Appel émanant d'un handicapé de la voix ,EP,1,36
567,404,1er départ,Appel émanant d'un handicapé de la voix ,EP,1,36
567,404,1er départ,Appel émanant d'un handicapé de la voix ,VLR,1,36
26292,G.CYNO,Groupe cynotechnique,Groupe cynotechnique,VEC,1,44
79107,913,G.MIR 4,Mise en place d'un détachement prépositionné,MIR ,2,1
55151,S.ELD,Section exploration longue durée,Section exploration de longue durée,VLR,1,190
55151,S.ELD,Section exploration longue durée,Section exploration de longue durée,CELD,1,190
55151,S.ELD,Section exploration longue durée,Section exploration de longue durée,VSAV,1,190
55151,S.ELD,Section exploration longue durée,Section exploration de longue durée,SPTT,1,190
55151,S.ELD,Section exploration longue durée,Section exploration de longue durée,VLTT,1,190
18420,P.RA,Groupe "COMMANDEMENT PRA",PLAN ROUGE Alpha,VLR,1,6
101085,1116 NRBC SUD,1116 NRBC SUD (composante INC/SSUAP/NRBC),Attaque terroriste avec explosion et/ou agent NRBC SUD,VLR,2,5
101085,1116 NRBC SUD,1116 NRBC SUD (composante INC/SSUAP/NRBC),Attaque terroriste avec explosion et/ou agent NRBC SUD,EP,2,5
101085,1116 NRBC SUD,1116 NRBC SUD (composante INC/SSUAP/NRBC),Attaque terroriste avec explosion et/ou agent NRBC SUD,VSAV,2,5
101085,1116 NRBC SUD,1116 NRBC SUD (composante INC/SSUAP/NRBC),Attaque terroriste avec explosion et/ou agent NRBC SUD,VI NRBC,1,5
101085,1116 NRBC SUD,1116 NRBC SUD (composante INC/SSUAP/NRBC),Attaque terroriste avec explosion et/ou agent NRBC SUD,CELD,1,5
584,913,1er départ,Mise en place d'un détachement prépositionné,VLR,1,6221
66318,315,Procédure ROUGE,Secours à victime dans une cabine d'ascenseur,EP,1,8
103982,260,1er départ - R.CDT - POINT ZOULOU ou A L'ADRESSE,Chute d'aéronef ZA BSPP,VSTI,1,28
103982,260,1er départ - R.CDT - POINT ZOULOU ou A L'ADRESSE,Chute d'aéronef ZA BSPP,VLR,1,28
93193,P.JAUNE,Module 1 : Extraction et Tri Visuel,PLAN JAUNE,VLR,1,18
93193,P.JAUNE,Module 1 : Extraction et Tri Visuel,PLAN JAUNE,VPC GIS,1,18
103982,260,1er départ - R.CDT - POINT ZOULOU ou A L'ADRESSE,Chute d'aéronef ZA BSPP,VPC APP,1,28
103982,260,1er départ - R.CDT - POINT ZOULOU ou A L'ADRESSE,Chute d'aéronef ZA BSPP,VLR,1,28
103982,260,1er départ - R.CDT - POINT ZOULOU ou A L'ADRESSE,Chute d'aéronef ZA BSPP,VAC,1,28
103982,260,1er départ - R.CDT - POINT ZOULOU ou A L'ADRESSE,Chute d'aéronef ZA BSPP,VAC,1,28
103982,260,1er départ - R.CDT - POINT ZOULOU ou A L'ADRESSE,Chute d'aéronef ZA BSPP,VSTI,1,28
103982,260,1er départ - R.CDT - POINT ZOULOU ou A L'ADRESSE,Chute d'aéronef ZA BSPP,VSTI,1,28
103982,260,1er départ - R.CDT - POINT ZOULOU ou A L'ADRESSE,Chute d'aéronef ZA BSPP,VPC APP,1,28
103982,260,1er départ - R.CDT - POINT ZOULOU ou A L'ADRESSE,Chute d'aéronef ZA BSPP,DAP,1,28
66598,305,Procédure ROUGE,Personne brûlée,VSAV,1,131
93193,P.JAUNE,Module 1 : Extraction et Tri Visuel,PLAN JAUNE,EP,1,18
79104,913,G.MIR 1,Mise en place d'un détachement prépositionné,MIR ,2,353
521,500,1er départ,Destruction d'hyménoptères,VPS,1,271
94713,352,Procédure BLANCHE basculée au SAMU,Personne blessée lieu privé (domicile; ...),PB15,1,7376
94710,309,Procédure BLANCHE basculée au SAMU,Personne intoxiquée ,PB15,1,302
24162,700,1er départ,Hydrocarbure répandu sur le sol à l’air libre ,EP,1,78
9146,211,1er départ,Véhicule tombé à l'eau ,EP,1,72
92672,614,1er départ,Fuite sur installation de climatisation ,EP,1,8
54144,G.MED,Groupe médical,Groupe médical,VSAV,1,214
79874,351,PROCEDURE COVID19,Personne malade lieu privé (domicile; ...),VSAV,1,9151
30643,Garde CMO APP NIV 2,1er départ,Garde centre de mise en oeuvre appui,VPC APP,1,151
30643,Garde CMO APP NIV 2,1er départ,Garde centre de mise en oeuvre appui,VLR,1,151
8284,P.ROUGE,PLAN ROUGE Groupe "PMA",PLAN ROUGE,VLR,1,84
8284,P.ROUGE,PLAN ROUGE Groupe "PMA",PLAN ROUGE,EP,1,84
8284,P.ROUGE,PLAN ROUGE Groupe "PMA",PLAN ROUGE,VSAV,3,84
8284,P.ROUGE,PLAN ROUGE Groupe "PMA",PLAN ROUGE,VLR,1,84
8284,P.ROUGE,PLAN ROUGE Groupe "PMA",PLAN ROUGE,VPMA,1,84
8284,P.ROUGE,PLAN ROUGE Groupe "PMA",PLAN ROUGE,VRB,1,84
54897,117,1er départ,Feu ou explosion en chantier souterrain ,VLR,1,75
54897,117,1er départ,Feu ou explosion en chantier souterrain ,EP,1,75
54897,117,1er départ,Feu ou explosion en chantier souterrain ,VSAV,1,75
54897,117,1er départ,Feu ou explosion en chantier souterrain ,VLR,1,75
54897,117,1er départ,Feu ou explosion en chantier souterrain ,EP,1,75
54897,117,1er départ,Feu ou explosion en chantier souterrain ,EP,1,75
54897,117,1er départ,Feu ou explosion en chantier souterrain ,EPA,1,75
93199,P.JAUNE,Module 5 : Module Sas Interservices,PLAN JAUNE,VI NRBC,1,12
93199,P.JAUNE,Module 5 : Module Sas Interservices,PLAN JAUNE,VLR,1,12
93199,P.JAUNE,Module 5 : Module Sas Interservices,PLAN JAUNE,VLR,1,12
93199,P.JAUNE,Module 5 : Module Sas Interservices,PLAN JAUNE,VSAV,1,12
93199,P.JAUNE,Module 5 : Module Sas Interservices,PLAN JAUNE,VA NRBC,1,12
88222,814,1er départ,Plis; colis; enveloppes (suspicion d'agents NRBC),VLR,1,257
88222,814,1er départ,Plis; colis; enveloppes (suspicion d'agents NRBC),VPC GIS,1,257
9135,104,1er départ,Feu sur voie sur berge,EP,1,9
100032,302,Procédure BLANCHE basculée au SAMU,Personne blessée lieu public (VP; ERP; ...),PB15,1,5111
87512,G.HAB,Groupe habitation,Groupe habitation,EP,2,8409
87512,G.HAB,Groupe habitation,Groupe habitation,VSAV,1,8409
87512,G.HAB,Groupe habitation,Groupe habitation,CRAC,1,8409
87512,G.HAB,Groupe habitation,Groupe habitation,VLR,1,8409
87512,G.HAB,Groupe habitation,Groupe habitation,VPMA,1,8409
87512,G.HAB,Groupe habitation,Groupe habitation,VLR,1,8409
102937,317 S1,1er départ,Attentat hors Explosion / NRBC S1,EP,1,7
102937,317 S1,1er départ,Attentat hors Explosion / NRBC S1,VLR,1,7
102937,317 S1,1er départ,Attentat hors Explosion / NRBC S1,VSAV,2,7
96211,G.VTGD,1er départ,Groupe ventilation très grand débit,CB,1,197
96211,G.VTGD,1er départ,Groupe ventilation très grand débit,UMH 78,1,197
96211,G.VTGD,1er départ,Groupe ventilation très grand débit,UMH LARIB,1,197
96211,G.VTGD,1er départ,Groupe ventilation très grand débit,UMH PITIE,1,197
91757,G.VEN,1er départ,Groupe ventilation,UMH 78,1,350
91757,G.VEN,1er départ,Groupe ventilation,UMH 77,1,350
76809,314,1er départ,SSUAP en milieu hyperbare,EP,1,24
76809,314,1er départ,SSUAP en milieu hyperbare,VLR,1,24
91757,G.VEN,1er départ,Groupe ventilation,UMH 78,1,350
91757,G.VEN,1er départ,Groupe ventilation,UMH 77,1,350
93363,R.INC après G.INC,CPLT Ensemble Att / Alim / Reco,Renfort incendie après groupe incendie,EP,1,57
93363,R.INC après G.INC,CPLT Ensemble Att / Alim / Reco,Renfort incendie après groupe incendie,CA,1,57
93363,R.INC après G.INC,CPLT Ensemble Att / Alim / Reco,Renfort incendie après groupe incendie,VPB,1,57
93363,R.INC après G.INC,CPLT Ensemble Att / Alim / Reco,Renfort incendie après groupe incendie,PST,1,57
93363,R.INC après G.INC,CPLT Ensemble Att / Alim / Reco,Renfort incendie après groupe incendie,VLR,1,57
76809,314,1er départ,SSUAP en milieu hyperbare,EP,1,24
92664,129,1er départ,Fumées suspectes,EP,1,4954
103086,EQ.SBC,1er départ,Equipe de sauvegarde des biens culturels,PEV,1,5
4358,G.IB,Groupe d'intervention biologique,Groupe d'intervention biologique,VI NRBC,1,4
4358,G.IB,Groupe d'intervention biologique,Groupe d'intervention biologique,VA NRBC,1,4
4358,G.IB,Groupe d'intervention biologique,Groupe d'intervention biologique,VLR,1,4
4358,G.IB,Groupe d'intervention biologique,Groupe d'intervention biologique,VLR,1,4
76855,121,Module accès Principal (Niveau médical) ,Feu ou explosion en espace clos impliquant un matériel roulant ferroviaire et/ou une infrastructure ferroviaire,AR,1,19
87512,G.HAB,Groupe habitation,Groupe habitation,EPA,1,8409
94714,3211,1er départ,Personne potentiellement dangereuse,EP,1,17140
94714,3211,1er départ,Personne potentiellement dangereuse,EP,1,17140
94714,3211,1er départ,Personne potentiellement dangereuse,EP,1,17140
94714,3211,1er départ,Personne potentiellement dangereuse,FA non FACA,1,17140
54920,217,Module accès encadrant,Accident sur un réseau ferré. En station; inter-station; gare; inter-gare ou portion aérienne. (Voir INTERFER),VLR,1,6
54920,217,Module accès encadrant,Accident sur un réseau ferré. En station; inter-station; gare; inter-gare ou portion aérienne. (Voir INTERFER),EP,1,6
54920,217,Module accès encadrant,Accident sur un réseau ferré. En station; inter-station; gare; inter-gare ou portion aérienne. (Voir INTERFER),VSAV,1,6
54920,217,Module accès encadrant,Accident sur un réseau ferré. En station; inter-station; gare; inter-gare ou portion aérienne. (Voir INTERFER),VLR,1,6
54920,217,Module accès encadrant,Accident sur un réseau ferré. En station; inter-station; gare; inter-gare ou portion aérienne. (Voir INTERFER),EP,1,6
54920,217,Module accès encadrant,Accident sur un réseau ferré. En station; inter-station; gare; inter-gare ou portion aérienne. (Voir INTERFER),EP,1,6
54920,217,Module accès encadrant,Accident sur un réseau ferré. En station; inter-station; gare; inter-gare ou portion aérienne. (Voir INTERFER),EPA,1,6
4243,621,1er départ,Fils électriques tombés sur VP ,EP,1,979
96188,9011,1er départ,Personne égarée ou disparue avec notion de prompt secours (MAJ BSP 115.1; Désactivation définitive RN),EP,1,48
9121,410,À l'adresse,Participation à l'évacuation de rame sur un réseau ferré; en inter-gare; inter-station ou portion aérienne. ,VLR,1,83
9121,410,À l'adresse,Participation à l'évacuation de rame sur un réseau ferré; en inter-gare; inter-station ou portion aérienne. ,EP,1,83
9121,410,À l'adresse,Participation à l'évacuation de rame sur un réseau ferré; en inter-gare; inter-station ou portion aérienne. ,VSAV,1,83
9121,410,À l'adresse,Participation à l'évacuation de rame sur un réseau ferré; en inter-gare; inter-station ou portion aérienne. ,VLR,1,83
9121,410,À l'adresse,Participation à l'évacuation de rame sur un réseau ferré; en inter-gare; inter-station ou portion aérienne. ,EP,1,83
9121,410,À l'adresse,Participation à l'évacuation de rame sur un réseau ferré; en inter-gare; inter-station ou portion aérienne. ,EP,1,83
9121,410,À l'adresse,Participation à l'évacuation de rame sur un réseau ferré; en inter-gare; inter-station ou portion aérienne. ,EPA,1,83
79108,G.MIR,G.MIR 1,Groupe motos d'intervention rapide,MIR ,2,175
422,130,1er départ,Alarme incendie déclenchée ,EP,1,15207
422,130,1er départ,Alarme incendie déclenchée ,VLR,1,15207
79749,301,PROCEDURE COVID19,Personne malade lieu public (VP; ERP; ...),VSAV,1,1593
56632,EQ.SIA,Equipe nautique SIA,Equipe nautique SIA,VPC CFS,1,11
422,130,1er départ,Alarme incendie déclenchée ,EP,1,15207
92667,320,1er départ,Brancardage en appui d'urgence médicalisée ,EP,1,212
54648,9040,1er départ,Plis; colis; enveloppes (hors suspicion d'agents NRBC) sur réquisition,VLR,1,3
102909,913,NOVI SUD,Mise en place d'un détachement prépositionné,EP,4,259
102909,913,NOVI SUD,Mise en place d'un détachement prépositionné,VSAV,5,259
102909,913,NOVI SUD,Mise en place d'un détachement prépositionné,VLR,2,259
102909,913,NOVI SUD,Mise en place d'un détachement prépositionné,VPMA,1,259
4481,331,1er départ,Personne en danger immédiat ,EP,1,446
80244,307,PROCEDURE BLANCHE / ORANGE,Tentative de suicide ,FA non FACA,1,27342
46948,G.ES,Groupe d'extraction spécialisée,Groupe d'extraction spécialisée,VLR,1,170
46948,G.ES,Groupe d'extraction spécialisée,Groupe d'extraction spécialisée,CELD,1,170
46948,G.ES,Groupe d'extraction spécialisée,Groupe d'extraction spécialisée,VSAV,1,170
46948,G.ES,Groupe d'extraction spécialisée,Groupe d'extraction spécialisée,VLR,1,170
46948,G.ES,Groupe d'extraction spécialisée,Groupe d'extraction spécialisée,EP,1,170
46948,G.ES,Groupe d'extraction spécialisée,Groupe d'extraction spécialisée,VLR,1,170
46948,G.ES,Groupe d'extraction spécialisée,Groupe d'extraction spécialisée,VRB,1,170
46948,G.ES,Groupe d'extraction spécialisée,Groupe d'extraction spécialisée,VPMA,1,170
46948,G.ES,Groupe d'extraction spécialisée,Groupe d'extraction spécialisée,VPMA,1,170
92607,100,1er départ,Feu appel douteux,EP,1,850
4452,313,1er départ,Secours à victime avec ouverture de porte ,EP,1,36074
75690,121,Module accès principal,Feu ou explosion en espace clos impliquant un matériel roulant ferroviaire et/ou une infrastructure ferroviaire,VLR,1,291
75690,121,Module accès principal,Feu ou explosion en espace clos impliquant un matériel roulant ferroviaire et/ou une infrastructure ferroviaire,EP,1,291
75690,121,Module accès principal,Feu ou explosion en espace clos impliquant un matériel roulant ferroviaire et/ou une infrastructure ferroviaire,VSAV,1,291
75690,121,Module accès principal,Feu ou explosion en espace clos impliquant un matériel roulant ferroviaire et/ou une infrastructure ferroviaire,VLR,1,291
75690,121,Module accès principal,Feu ou explosion en espace clos impliquant un matériel roulant ferroviaire et/ou une infrastructure ferroviaire,EP,1,291
75690,121,Module accès principal,Feu ou explosion en espace clos impliquant un matériel roulant ferroviaire et/ou une infrastructure ferroviaire,EP,1,291
75690,121,Module accès principal,Feu ou explosion en espace clos impliquant un matériel roulant ferroviaire et/ou une infrastructure ferroviaire,EPA,1,291
24478,A07,1er départ,Exercice de déplacement,VLR,1,1498
24166,941,1er départ,Appel de détresse E-Call sans indication,EP,1,3503
413,107,1er départ,Feu de poubelle à l'air libre,EP,1,13480
77370,121,Module accès encadrant,Feu ou explosion en espace clos impliquant un matériel roulant ferroviaire et/ou une infrastructure ferroviaire,VLR,1,305
77370,121,Module accès encadrant,Feu ou explosion en espace clos impliquant un matériel roulant ferroviaire et/ou une infrastructure ferroviaire,EP,1,305
77370,121,Module accès encadrant,Feu ou explosion en espace clos impliquant un matériel roulant ferroviaire et/ou une infrastructure ferroviaire,VSAV,1,305
77370,121,Module accès encadrant,Feu ou explosion en espace clos impliquant un matériel roulant ferroviaire et/ou une infrastructure ferroviaire,VLR,1,305
77370,121,Module accès encadrant,Feu ou explosion en espace clos impliquant un matériel roulant ferroviaire et/ou une infrastructure ferroviaire,EP,1,305
77370,121,Module accès encadrant,Feu ou explosion en espace clos impliquant un matériel roulant ferroviaire et/ou une infrastructure ferroviaire,EP,1,305
77370,121,Module accès encadrant,Feu ou explosion en espace clos impliquant un matériel roulant ferroviaire et/ou une infrastructure ferroviaire,EPA,1,305
536,708,1er départ,Éboulement; effondrement ,EP,1,149
7017,4000,1er départ,Ouverture de porte (sur réquisition),EP,1,20
528,610,1er départ,Fuite de gaz; gaz naturel; propane; butane ,VLR,1,20701
528,610,1er départ,Fuite de gaz; gaz naturel; propane; butane ,EP,1,20701
66333,323,Procédure ROUGE,Parturiente ,VSAV,1,1623
103075,501,1er départ,Animal en difficulté,EP,1,909
7040,9190,1er départ,Personne égarée en catacombes ou en carrière (sur réquisition),EP,1,4
89350,G.SOUT,G.SOUT Opération importante,Groupe Soutien Opérationnel,VIGI,2,3
89350,G.SOUT,G.SOUT Opération importante,Groupe Soutien Opérationnel,SP,1,3
89350,G.SOUT,G.SOUT Opération importante,Groupe Soutien Opérationnel,VLR,1,3
4286,330,1er départ,Personne menaçant de se jeter dans le vide ,EP,1,6777
4286,330,1er départ,Personne menaçant de se jeter dans le vide ,VLR,1,6777
4286,330,1er départ,Personne menaçant de se jeter dans le vide ,VID,2,6777
4286,330,1er départ,Personne menaçant de se jeter dans le vide ,VID,2,6777
4286,330,1er départ,Personne menaçant de se jeter dans le vide ,VLR,1,6777
4286,330,1er départ,Personne menaçant de se jeter dans le vide ,EPAN,2,6777
7014,2150,1er départ,Accident matériel de la circulation (sur réquisition),EP,1,1
54900,120,1er départ,Feu ou explosion hors espace clos impliquant un matériel roulant ferroviaire,VLR,1,140
54900,120,1er départ,Feu ou explosion hors espace clos impliquant un matériel roulant ferroviaire,EP,1,140
54900,120,1er départ,Feu ou explosion hors espace clos impliquant un matériel roulant ferroviaire,VSAV,1,140
54900,120,1er départ,Feu ou explosion hors espace clos impliquant un matériel roulant ferroviaire,VLR,1,140
54900,120,1er départ,Feu ou explosion hors espace clos impliquant un matériel roulant ferroviaire,EP,1,140
54900,120,1er départ,Feu ou explosion hors espace clos impliquant un matériel roulant ferroviaire,EP,1,140
54900,120,1er départ,Feu ou explosion hors espace clos impliquant un matériel roulant ferroviaire,EPA,1,140
93194,P.JAUNE,Module 2 Evaluation de la Menace,PLAN JAUNE,VI3 NRBC,1,3
65299,106,Accès CES tunnel (MODE DEGRADE),Feu en tunnel routier de grande longueur + de 300 mètres,VLR,1,4
79789,305,PROCEDURE COVID19,Personne brûlée,VSAV,1,2
103988,260,4 - PLAN ROUGE "G.PMA" - EN ZDI,Chute d'aéronef ZA BSPP,VLR,1,7
103988,260,4 - PLAN ROUGE "G.PMA" - EN ZDI,Chute d'aéronef ZA BSPP,EP,1,7
103988,260,4 - PLAN ROUGE "G.PMA" - EN ZDI,Chute d'aéronef ZA BSPP,VSAV,3,7
103988,260,4 - PLAN ROUGE "G.PMA" - EN ZDI,Chute d'aéronef ZA BSPP,VLR,1,7
103988,260,4 - PLAN ROUGE "G.PMA" - EN ZDI,Chute d'aéronef ZA BSPP,VPMA,1,7
103988,260,4 - PLAN ROUGE "G.PMA" - EN ZDI,Chute d'aéronef ZA BSPP,VRB,1,7
102912,913,1116 NORD,Mise en place d'un détachement prépositionné,VLR,2,242
102912,913,1116 NORD,Mise en place d'un détachement prépositionné,EP,2,242
102912,913,1116 NORD,Mise en place d'un détachement prépositionné,VSAV,2,242
103988,260,4 - PLAN ROUGE "G.PMA" - EN ZDI,Chute d'aéronef ZA BSPP,VPMA,1,7
102912,913,1116 NORD,Mise en place d'un détachement prépositionné,VI NRBC,1,242
102912,913,1116 NORD,Mise en place d'un détachement prépositionné,CELD,1,242
100233,943,1er départ,Appel appareils connectés sans indication,EP,1,471
502,334,1er départ,Personne ensevelie ,VLR,1,44
502,334,1er départ,Personne ensevelie ,EP,1,44
502,334,1er départ,Personne ensevelie ,VLR,1,44
502,334,1er départ,Personne ensevelie ,VSAV,1,44
9573,VPS,VPS,Véhicule de protection signalisation,VPS,1,150
416,115,1er départ,Fuite de gaz enflammée ,EP,1,152
416,115,1er départ,Fuite de gaz enflammée ,EP,1,152
416,115,1er départ,Fuite de gaz enflammée ,VLR,1,152
87515,G.HAB,Groupe habitation (Niveau médical) ,Groupe habitation,AR,1,978
94708,307,Procédure BLANCHE basculée au SAMU,Tentative de suicide ,PB15,1,264
93357,R.INC,Ensemble de soutien ( niveau médical ),Renfort incendie,AR,1,25
93354,R.INC,EGP - Ensemble Grande Puissance,Renfort incendie,BEAA,1,449
93354,R.INC,EGP - Ensemble Grande Puissance,Renfort incendie,FA,1,449
93354,R.INC,EGP - Ensemble Grande Puissance,Renfort incendie,CA,1,449
93354,R.INC,EGP - Ensemble Grande Puissance,Renfort incendie,BEAA,1,449
93354,R.INC,EGP - Ensemble Grande Puissance,Renfort incendie,VPB,1,449
93354,R.INC,EGP - Ensemble Grande Puissance,Renfort incendie,BEAA,1,449
93354,R.INC,EGP - Ensemble Grande Puissance,Renfort incendie,PST,1,449
93354,R.INC,EGP - Ensemble Grande Puissance,Renfort incendie,FMOGP,1,449
93354,R.INC,EGP - Ensemble Grande Puissance,Renfort incendie,VLR,1,449
93354,R.INC,EGP - Ensemble Grande Puissance,Renfort incendie,VPS,1,449
93354,R.INC,EGP - Ensemble Grande Puissance,Renfort incendie,VPS,1,449
93354,R.INC,EGP - Ensemble Grande Puissance,Renfort incendie,VPB 26T,1,449
611,G.IC,Groupe d'intervention chimique,Groupe d'intervention chimique,VI NRBC,1,904
611,G.IC,Groupe d'intervention chimique,Groupe d'intervention chimique,VLR,1,904
611,G.IC,Groupe d'intervention chimique,Groupe d'intervention chimique,VLR,1,904
88024,R.SEC,Renfort secours (Niveau médical) ,Renfort secours,CMO SAN,1,5
88024,R.SEC,Renfort secours (Niveau médical) ,Renfort secours,VAS,1,5
88024,R.SEC,Renfort secours (Niveau médical) ,Renfort secours,LOUV EQUI,1,5
88024,R.SEC,Renfort secours (Niveau médical) ,Renfort secours,CCR,1,5
102938,317 S2,1er départ,Attentat hors Explosion / NRBC S2,EP,1,4
102938,317 S2,1er départ,Attentat hors Explosion / NRBC S2,VLR,1,4
102938,317 S2,1er départ,Attentat hors Explosion / NRBC S2,VSAV,2,4
94711,323,Procédure BLANCHE basculée au SAMU,Parturiente ,PB15,1,929
628,310,1er départ,Personne électrisée ou électrocutée ,EP,1,1164
542,801,1er départ,Pollution en égout ,VLR,1,36
542,801,1er départ,Pollution en égout ,EP,1,36
4355,G.CD,Groupe chaîne de décontamination,Groupe chaine de décontamination,EP,2,20
4355,G.CD,Groupe chaîne de décontamination,Groupe chaine de décontamination,VLR,1,20
4346,Relève,Relève d'attaque,Relève d'attaque,EP,1,18
7011,1330,1er départ,Écobuage (sur réquisition),EP,1,3
8259,G.RAMASS,Groupe ramassage,Groupe ramassage,EP,2,24
8259,G.RAMASS,Groupe ramassage,Groupe ramassage,VLR,1,24
8259,G.RAMASS,Groupe ramassage,Groupe ramassage,VPC GIS,1,24
8259,G.RAMASS,Groupe ramassage,Groupe ramassage,VPC GIS,1,24
76331,G.RETEX,Groupe Retex,G.RETEX,G.RETEX,1,1
91422,G.PMA,Groupe poste médical avancé,Groupe poste médical avancé,VLR,1,344
91422,G.PMA,Groupe poste médical avancé,Groupe poste médical avancé,EP,1,344
91422,G.PMA,Groupe poste médical avancé,Groupe poste médical avancé,VSAV,3,344
91422,G.PMA,Groupe poste médical avancé,Groupe poste médical avancé,VLR,1,344
91422,G.PMA,Groupe poste médical avancé,Groupe poste médical avancé,VPMA,1,344
91422,G.PMA,Groupe poste médical avancé,Groupe poste médical avancé,VRB,1,344
91422,G.PMA,Groupe poste médical avancé,Groupe poste médical avancé,VPMA,1,344
24160,502,1er départ,Animal malade ou blessé,EP,1,6171
94316,R.ACR,1er départ,Renfort ACR,VSAV,1,12501
54668,804,1er départ,Pollution terrestre avérée,EP,1,104
26290,G.APA,Groupe AntiPollution Aquatique,Groupe antipollution aquatique,DEP,1,198
18787,S.RSMU,Section RSMU,Séction RSMU,VLR,1,156
18787,S.RSMU,Section RSMU,Séction RSMU,VRSD,1,156
18787,S.RSMU,Section RSMU,Séction RSMU,CESD,1,156
18787,S.RSMU,Section RSMU,Séction RSMU,VIMP,1,156
18787,S.RSMU,Section RSMU,Séction RSMU,VEC,1,156
18787,S.RSMU,Section RSMU,Séction RSMU,VLR,1,156
18787,S.RSMU,Section RSMU,Séction RSMU,VLR,1,156
18787,S.RSMU,Section RSMU,Séction RSMU,VEC,1,156
24149,6103,1er départ,Fuite de gaz PGR cas A2 bis (fuite dans un bâtiment),VLR,1,413
24149,6103,1er départ,Fuite de gaz PGR cas A2 bis (fuite dans un bâtiment),EP,1,413
24149,6103,1er départ,Fuite de gaz PGR cas A2 bis (fuite dans un bâtiment),EP,1,413
26290,G.APA,Groupe AntiPollution Aquatique,Groupe antipollution aquatique,SPTT,1,198
26290,G.APA,Groupe AntiPollution Aquatique,Groupe antipollution aquatique,FA,1,198
26290,G.APA,Groupe AntiPollution Aquatique,Groupe antipollution aquatique,VPC CFS,1,198
26290,G.APA,Groupe AntiPollution Aquatique,Groupe antipollution aquatique,VI NRBC,1,198
26290,G.APA,Groupe AntiPollution Aquatique,Groupe antipollution aquatique,VLR,1,198
26290,G.APA,Groupe AntiPollution Aquatique,Groupe antipollution aquatique,VLR,1,198
26290,G.APA,Groupe AntiPollution Aquatique,Groupe antipollution aquatique,VI3 NRBC,1,198
7031,9010,1er départ,Personne égarée ou disparue (sur réquisition),EP,1,80
103324,300,1er départ,Détresse vitale,VSAV,1,5474
8254,G.EX,G.EX - Élément "PMA",Groupe extraction,EP,1,4
7595,203,1er départ,Accident de circulation sur voie rapide (autoroute; voie express; périphérique) ,EP,1,928
93200,P.JAUNE,Module 6 : Point de Regroupement des Impliqués et Sas Impliqués,PLAN JAUNE,EP,2,18
93200,P.JAUNE,Module 6 : Point de Regroupement des Impliqués et Sas Impliqués,PLAN JAUNE,VLR,1,18
4575,117,1er départ (Niveau médical) ,Feu ou explosion en chantier souterrain ,AR,1,1
92673,712,1er départ,Immeuble en péril ,EP,1,557
54709,701,1er départ,Epandage majeur d'hydrocarbure VP à l’air libre ,VLR,1,55
54709,701,1er départ,Epandage majeur d'hydrocarbure VP à l’air libre ,EP,1,55
9156,MDPOLL,MODULE DEPOLLUTION,Module dépollution,DEP,1,30
9156,MDPOLL,MODULE DEPOLLUTION,Module dépollution,SPTT,1,30
66267,302,Procédure ROUGE,Personne blessée lieu public (VP; ERP; ...),VSAV,1,560
9156,MDPOLL,MODULE DEPOLLUTION,Module dépollution,FA,1,30
9156,MDPOLL,MODULE DEPOLLUTION,Module dépollution,VPC CFS,1,30
9156,MDPOLL,MODULE DEPOLLUTION,Module dépollution,VI NRBC,1,30
9156,MDPOLL,MODULE DEPOLLUTION,Module dépollution,VLR,1,30
9156,MDPOLL,MODULE DEPOLLUTION,Module dépollution,VLR,1,30
9156,MDPOLL,MODULE DEPOLLUTION,Module dépollution,VI3 NRBC,1,30
80279,318,1er départ (Niveau médical) ,Personne blessée par arme à feu,AR,1,32
79105,913,G.MIR 2,Mise en place d'un détachement prépositionné,MIR ,2,271
8283,P.ROUGE,PLAN ROUGE Groupe "Ramassage",PLAN ROUGE,EP,2,45
8283,P.ROUGE,PLAN ROUGE Groupe "Ramassage",PLAN ROUGE,VLR,1,45
8283,P.ROUGE,PLAN ROUGE Groupe "Ramassage",PLAN ROUGE,VPC GIS,1,45
8283,P.ROUGE,PLAN ROUGE Groupe "Ramassage",PLAN ROUGE,VPC GIS,1,45
101083,1116 NRBC NORD,1116 NRBC NORD (composante INC/SSUAP/NRBC),Attaque terroriste avec explosion et/ou agent NRBC NORD,VLR,2,45
101083,1116 NRBC NORD,1116 NRBC NORD (composante INC/SSUAP/NRBC),Attaque terroriste avec explosion et/ou agent NRBC NORD,EP,2,45
101083,1116 NRBC NORD,1116 NRBC NORD (composante INC/SSUAP/NRBC),Attaque terroriste avec explosion et/ou agent NRBC NORD,VSAV,2,45
101083,1116 NRBC NORD,1116 NRBC NORD (composante INC/SSUAP/NRBC),Attaque terroriste avec explosion et/ou agent NRBC NORD,VI NRBC,1,45
24157,131,1er départ,Téléphone d'appel d'urgence sans indication (TAU),EP,1,51
7018,4060,1er départ,Maîtrise d'un forcené (sur réquisition),EP,1,2
24157,131,1er départ,Téléphone d'appel d'urgence sans indication (TAU),VLR,1,51
24157,131,1er départ,Téléphone d'appel d'urgence sans indication (TAU),EP,1,51
101083,1116 NRBC NORD,1116 NRBC NORD (composante INC/SSUAP/NRBC),Attaque terroriste avec explosion et/ou agent NRBC NORD,CELD,1,45
7018,4060,1er départ,Maîtrise d'un forcené (sur réquisition),VLR,1,2
76844,326,1er départ,Relevage ou brancardage de patient grand obèse (> 150 Kg),EP,1,367
76512,R.KIT SINUS,Renfort mission SINUS,Renfort kit SINUS,VLR,1,49
54162,G.MV,Groupe mousse ventilation,Groupe mousse ventilation,VLR,1,567
54162,G.MV,Groupe mousse ventilation,Groupe mousse ventilation,VLR,1,567
54162,G.MV,Groupe mousse ventilation,Groupe mousse ventilation,CELD,1,567
54162,G.MV,Groupe mousse ventilation,Groupe mousse ventilation,CELD,1,567
54162,G.MV,Groupe mousse ventilation,Groupe mousse ventilation,VSAV,1,567
54162,G.MV,Groupe mousse ventilation,Groupe mousse ventilation,VSAV,1,567
625,261,1er départ - G.ETARE; VRID - POINT ZOULOU ou A L'ADRESSE,Chute d'aéronef ZVA BSPP,VLR,1,19
625,261,1er départ - G.ETARE; VRID - POINT ZOULOU ou A L'ADRESSE,Chute d'aéronef ZVA BSPP,EP,1,19
625,261,1er départ - G.ETARE; VRID - POINT ZOULOU ou A L'ADRESSE,Chute d'aéronef ZVA BSPP,VSAV,1,19
625,261,1er départ - G.ETARE; VRID - POINT ZOULOU ou A L'ADRESSE,Chute d'aéronef ZVA BSPP,VLR,1,19
625,261,1er départ - G.ETARE; VRID - POINT ZOULOU ou A L'ADRESSE,Chute d'aéronef ZVA BSPP,EP,1,19
625,261,1er départ - G.ETARE; VRID - POINT ZOULOU ou A L'ADRESSE,Chute d'aéronef ZVA BSPP,EP,1,19
625,261,1er départ - G.ETARE; VRID - POINT ZOULOU ou A L'ADRESSE,Chute d'aéronef ZVA BSPP,EPA,1,19
54162,G.MV,Groupe mousse ventilation,Groupe mousse ventilation,SPTT,1,567
54162,G.MV,Groupe mousse ventilation,Groupe mousse ventilation,EP,1,567
54162,G.MV,Groupe mousse ventilation,Groupe mousse ventilation,CELD,1,567
54162,G.MV,Groupe mousse ventilation,Groupe mousse ventilation,VPB,1,567
54162,G.MV,Groupe mousse ventilation,Groupe mousse ventilation,VLTT,1,567
8777,909,1er départ,Reconnaissance de commandement,VLR,1,1054
92674,721,1er départ,Chaudière surchauffée ,EP,1,450
54162,G.MV,Groupe mousse ventilation,Groupe mousse ventilation,SP VTGD,1,567
54162,G.MV,Groupe mousse ventilation,Groupe mousse ventilation,UMH LARIB,1,567
54162,G.MV,Groupe mousse ventilation,Groupe mousse ventilation,PEV,1,567
411,101,1er départ,Feu ayant existé ,EP,1,7471
411,101,1er départ,Feu ayant existé ,VLR,1,7471
54162,G.MV,Groupe mousse ventilation,Groupe mousse ventilation,CBL,1,567
539,714,1er départ,Arbre ou grue menaçant de tomber ou tombé(e),EP,1,660
93355,R.INC,Ensemble Att / Alim / Reco,Renfort incendie,EP,1,105
93355,R.INC,Ensemble Att / Alim / Reco,Renfort incendie,CA,1,105
93355,R.INC,Ensemble Att / Alim / Reco,Renfort incendie,VPB,1,105
93355,R.INC,Ensemble Att / Alim / Reco,Renfort incendie,PST,1,105
411,101,1er départ,Feu ayant existé ,EP,1,7471
8291,P.RA,Groupe " TRIAGE PRA" (Niveau médical) ,PLAN ROUGE Alpha,AR,1,6
93355,R.INC,Ensemble Att / Alim / Reco,Renfort incendie,VLR,1,105
30435,601,1er départ,Inondation importante ,EP,1,647
30435,601,1er départ,Inondation importante ,VLR,1,647
87521,R.HAB,Renfort habitation,Renfort habitation,PEV,1,2883
87521,R.HAB,Renfort habitation,Renfort habitation,CD,1,2883
87521,R.HAB,Renfort habitation,Renfort habitation,VLR,1,2883
87521,R.HAB,Renfort habitation,Renfort habitation,VLR,1,2883
87521,R.HAB,Renfort habitation,Renfort habitation,VAC,1,2883
87521,R.HAB,Renfort habitation,Renfort habitation,VLR,1,2883
87521,R.HAB,Renfort habitation,Renfort habitation,VLR,1,2883
87521,R.HAB,Renfort habitation,Renfort habitation,CELD,1,2883
87521,R.HAB,Renfort habitation,Renfort habitation,VSAV,1,2883
87521,R.HAB,Renfort habitation,Renfort habitation,VLR,1,2883
87521,R.HAB,Renfort habitation,Renfort habitation,VSAV,1,2883
87521,R.HAB,Renfort habitation,Renfort habitation,EP,2,2883
87521,R.HAB,Renfort habitation,Renfort habitation,VSAV,1,2883
87521,R.HAB,Renfort habitation,Renfort habitation,CRAC,1,2883
87521,R.HAB,Renfort habitation,Renfort habitation,VLR,1,2883
87521,R.HAB,Renfort habitation,Renfort habitation,VPMA,1,2883
87521,R.HAB,Renfort habitation,Renfort habitation,VLR,1,2883
87521,R.HAB,Renfort habitation,Renfort habitation,EPA,1,2883
87521,R.HAB,Renfort habitation,Renfort habitation,EP,2,2883
87521,R.HAB,Renfort habitation,Renfort habitation,EP,1,2883
87521,R.HAB,Renfort habitation,Renfort habitation,EP,1,2883
87521,R.HAB,Renfort habitation,Renfort habitation,EPA,2,2883
87521,R.HAB,Renfort habitation,Renfort habitation,VLR,1,2883
87521,R.HAB,Renfort habitation,Renfort habitation,VI NRBC,1,2883
87521,R.HAB,Renfort habitation,Renfort habitation,VLR,1,2883
87521,R.HAB,Renfort habitation,Renfort habitation,VLR,1,2883
69239,140,1er départ,Feu de poids lourd (hors TMD); de car ou de bus à l'air libre,EP,1,832
27278,503,1er départ,Animal dangereux ,VRA,1,1207
27278,503,1er départ,Animal dangereux ,VLR,1,1207
93197,P.JAUNE,Module 4 : Point de Regroupement des Victimes,PLAN JAUNE,VSAV,4,5
93197,P.JAUNE,Module 4 : Point de Regroupement des Victimes,PLAN JAUNE,VLR,1,5
101089,NOVI NORD,NOVI NORD (composante INC/SSUAP),Nombreuse Victimes NORD,EP,4,61
101089,NOVI NORD,NOVI NORD (composante INC/SSUAP),Nombreuse Victimes NORD,VSAV,5,61
101089,NOVI NORD,NOVI NORD (composante INC/SSUAP),Nombreuse Victimes NORD,VLR,2,61
101089,NOVI NORD,NOVI NORD (composante INC/SSUAP),Nombreuse Victimes NORD,VPMA,1,61
102531,P.JAUNE,Module 9 : Soutien  (Niveau médical) ,PLAN JAUNE,CRO,1,3
102531,P.JAUNE,Module 9 : Soutien  (Niveau médical) ,PLAN JAUNE,VLI,1,3
93197,P.JAUNE,Module 4 : Point de Regroupement des Victimes,PLAN JAUNE,VPMA,1,5
87521,R.HAB,Renfort habitation,Renfort habitation,VLR,1,2883
87521,R.HAB,Renfort habitation,Renfort habitation,VI NRBC,1,2883
87521,R.HAB,Renfort habitation,Renfort habitation,VLR,1,2883
91319,G.APT,1er départ,Groupe antipollution terrestre,ESAVI,1,101
8362,A05,Assistance engin accidenté,Assistance engin accidenté,VLR,1,1797
5993,710,1er départ,Effondrement en milieu et/ou chantier souterrain ,VLR,1,52
5993,710,1er départ,Effondrement en milieu et/ou chantier souterrain ,EP,1,52
5993,710,1er départ,Effondrement en milieu et/ou chantier souterrain ,VSAV,1,52
5993,710,1er départ,Effondrement en milieu et/ou chantier souterrain ,VLR,1,52
5993,710,1er départ,Effondrement en milieu et/ou chantier souterrain ,EP,1,52
5993,710,1er départ,Effondrement en milieu et/ou chantier souterrain ,EP,1,52
5993,710,1er départ,Effondrement en milieu et/ou chantier souterrain ,EPA,1,52
91319,G.APT,1er départ,Groupe antipollution terrestre,VI NRBC,1,101
91319,G.APT,1er départ,Groupe antipollution terrestre,VI3 NRBC,1,101
396,112,1er départ,Feu de cheminée,EP,1,1030
396,112,1er départ,Feu de cheminée,VLR,1,1030
79804,308,PROCEDURES COVID19,Intoxication médicamenteuse,VSAV,1,7
396,112,1er départ,Feu de cheminée,EP,1,1030
103139,G.RCP,Groupe remise en condition du personnel,Groupe remise en condition du personnel,VSAV,1,480
103139,G.RCP,Groupe remise en condition du personnel,Groupe remise en condition du personnel,CRAC,1,480
103139,G.RCP,Groupe remise en condition du personnel,Groupe remise en condition du personnel,VRCP,1,480
103139,G.RCP,Groupe remise en condition du personnel,Groupe remise en condition du personnel,VPMA,1,480
103139,G.RCP,Groupe remise en condition du personnel,Groupe remise en condition du personnel,VE2I,1,480
103139,G.RCP,Groupe remise en condition du personnel,Groupe remise en condition du personnel,VE2I,1,480
54632,106,Accès amont (MODE DEGRADE),Feu en tunnel routier de grande longueur + de 300 mètres,VSAV,1,55
54837,109,1er départ,Feu de coffret gaz en façade (PGR),VLR,1,29
54837,109,1er départ,Feu de coffret gaz en façade (PGR),EP,1,29
54837,109,1er départ,Feu de coffret gaz en façade (PGR),EP,1,29
94709,308,Procédure BLANCHE basculée au SAMU,Intoxication médicamenteuse,PB15,1,266
91423,P.RA,Groupe " TRIAGE PRA",PLAN ROUGE Alpha,VLR,1,25
91423,P.RA,Groupe " TRIAGE PRA",PLAN ROUGE Alpha,EP,1,25
8274,G.VU,G.VU - Élément "sécurisation" (Niveau médical) ,Groupe violences urbaines,AR,1,4
91423,P.RA,Groupe " TRIAGE PRA",PLAN ROUGE Alpha,VRB,1,25
91423,P.RA,Groupe " TRIAGE PRA",PLAN ROUGE Alpha,VPMA,1,25
27650,813,1er départ,Intervention à caractère radiologique / biologique / chimique,EP,2,2493
27650,813,1er départ,Intervention à caractère radiologique / biologique / chimique,VLR,1,2493
54901,122,1er départ,Feu ou explosion sur un bateau à passagers,VLR,1,202
54901,122,1er départ,Feu ou explosion sur un bateau à passagers,EP,1,202
54901,122,1er départ,Feu ou explosion sur un bateau à passagers,VSAV,1,202
54901,122,1er départ,Feu ou explosion sur un bateau à passagers,VLR,1,202
54901,122,1er départ,Feu ou explosion sur un bateau à passagers,EP,1,202
54901,122,1er départ,Feu ou explosion sur un bateau à passagers,EP,1,202
54901,122,1er départ,Feu ou explosion sur un bateau à passagers,EPA,1,202
103070,901,1er départ,Personne égarée ou disparue,EP,1,149
93361,G.INC,Groupe incendie (Niveau médical) ,Groupe incendie,AR,1,155
103986,260,3 - PLAN ROUGE "G.RAMASSAGE" - EN ZDI,Chute d'aéronef ZA BSPP,EP,2,3
103986,260,3 - PLAN ROUGE "G.RAMASSAGE" - EN ZDI,Chute d'aéronef ZA BSPP,VLR,1,3
79778,302,PROCEDURE COVID19,Personne blessée lieu public (VP; ERP; ...),VSAV,1,30
103986,260,3 - PLAN ROUGE "G.RAMASSAGE" - EN ZDI,Chute d'aéronef ZA BSPP,VPC GIS,1,3
103986,260,3 - PLAN ROUGE "G.RAMASSAGE" - EN ZDI,Chute d'aéronef ZA BSPP,VPC GIS,1,3
79106,913,G.MIR 3,Mise en place d'un détachement prépositionné,MIR ,2,14
66348,200,Procédure ROUGE,Accident de circulation ,VSAV,1,213
54878,263,1er départ - R.CDT - A L'ADRESSE,Chute d'aéronef secteur BSPP hors ZVA et ZA,VSTI,1,4
54878,263,1er départ - R.CDT - A L'ADRESSE,Chute d'aéronef secteur BSPP hors ZVA et ZA,VLR,1,4
626,335,1er départ,Personne coincée par une cabine d'ascenseur ou un escalator ,VLR,1,224
80245,307,PROCEDURE ROUGE,Tentative de suicide ,FA non FACA,1,128
54878,263,1er départ - R.CDT - A L'ADRESSE,Chute d'aéronef secteur BSPP hors ZVA et ZA,VPC APP,1,4
54878,263,1er départ - R.CDT - A L'ADRESSE,Chute d'aéronef secteur BSPP hors ZVA et ZA,VLR,1,4
54878,263,1er départ - R.CDT - A L'ADRESSE,Chute d'aéronef secteur BSPP hors ZVA et ZA,VAC,1,4
54878,263,1er départ - R.CDT - A L'ADRESSE,Chute d'aéronef secteur BSPP hors ZVA et ZA,VAC,1,4
54878,263,1er départ - R.CDT - A L'ADRESSE,Chute d'aéronef secteur BSPP hors ZVA et ZA,VSTI,1,4
54878,263,1er départ - R.CDT - A L'ADRESSE,Chute d'aéronef secteur BSPP hors ZVA et ZA,VSTI,1,4
54878,263,1er départ - R.CDT - A L'ADRESSE,Chute d'aéronef secteur BSPP hors ZVA et ZA,VPC APP,1,4
26468,A02,1er départ,Activation ou Exercice CSO,VLR,1,1026
26468,A02,1er départ,Activation ou Exercice CSO,VAC,1,1026
100457,G.BPGP,1er départ,Groupe berce pompage grande puissance,VPB 26T,1,144
87524,R.HAB,Renfort habitation (Niveau médical) ,Renfort habitation,AR,1,506
24484,VLR ogc Cie TC,1er départ,VLR Officier de garde compagnie TC,VLR,1,14761
54540,EQ.APT,Equipe antipollution terrestre,Equipe antipollution terrestre,VI NRBC,1,11
103087,G.SBC,1er départ,Groupe de sauvegarde des biens culturels,EP,1,58
94712,351,Procédure BLANCHE basculée au SAMU,Personne malade lieu privé (domicile; ...),PB15,1,14328
4287,Ronde,Ronde au feu,Ronde au feu ,EP,1,10122
4287,Ronde,Ronde au feu,Ronde au feu ,VLR,1,10122
76741,P.ROUGE,PLAN ROUGE Groupe "commandement",PLAN ROUGE,VAC,1,29
76741,P.ROUGE,PLAN ROUGE Groupe "commandement",PLAN ROUGE,VSTI,1,29
26468,A02,1er départ,Activation ou Exercice CSO,VAC,1,1026
54898,118,G.ETARE,Feu ou explosion dans un parc de stationnement couvert,VLR,1,8313
54898,118,G.ETARE,Feu ou explosion dans un parc de stationnement couvert,EP,1,8313
54898,118,G.ETARE,Feu ou explosion dans un parc de stationnement couvert,VSAV,1,8313
54898,118,G.ETARE,Feu ou explosion dans un parc de stationnement couvert,VLR,1,8313
54898,118,G.ETARE,Feu ou explosion dans un parc de stationnement couvert,EP,1,8313
54898,118,G.ETARE,Feu ou explosion dans un parc de stationnement couvert,EP,1,8313
54898,118,G.ETARE,Feu ou explosion dans un parc de stationnement couvert,EPA,1,8313
89356,S.SOUT,S.SOUT - Naufragés de la route ,Section Soutien Opérationnel,VIGI,4,8
89356,S.SOUT,S.SOUT - Naufragés de la route ,Section Soutien Opérationnel,SP,2,8
89356,S.SOUT,S.SOUT - Naufragés de la route ,Section Soutien Opérationnel,SPCT,1,8
89356,S.SOUT,S.SOUT - Naufragés de la route ,Section Soutien Opérationnel,VLR,2,8
103087,G.SBC,1er départ,Groupe de sauvegarde des biens culturels,VIGI,2,58
103087,G.SBC,1er départ,Groupe de sauvegarde des biens culturels,SP,1,58
103087,G.SBC,1er départ,Groupe de sauvegarde des biens culturels,VLR,1,58
503,336,1er départ,Personne coincée ou sur les voies du métro/RER/TRAIN/TRAMWAY/VAL/LISA ,VLR,1,1553
503,336,1er départ,Personne coincée ou sur les voies du métro/RER/TRAIN/TRAMWAY/VAL/LISA ,EP,2,1553
503,336,1er départ,Personne coincée ou sur les voies du métro/RER/TRAIN/TRAMWAY/VAL/LISA ,VLR,1,1553
503,336,1er départ,Personne coincée ou sur les voies du métro/RER/TRAIN/TRAMWAY/VAL/LISA ,VSAV,1,1553
100428,G.REX,Détachement Robot d'Extinction à Distance,Groupe robot d'extinction,CELD,1,14
100428,G.REX,Détachement Robot d'Extinction à Distance,Groupe robot d'extinction,VLR,1,14
100428,G.REX,Détachement Robot d'Extinction à Distance,Groupe robot d'extinction,VLR,1,14
100428,G.REX,Détachement Robot d'Extinction à Distance,Groupe robot d'extinction,EP,1,14
100428,G.REX,Détachement Robot d'Extinction à Distance,Groupe robot d'extinction,VREX,1,14
100428,G.REX,Détachement Robot d'Extinction à Distance,Groupe robot d'extinction,VLTT,1,14
103983,260,1er départ - G.MED - POINT ZOULOU ou A L'ADRESSE (Niveau médical) ,Chute d'aéronef ZA BSPP,VSAV,2,10
103983,260,1er départ - G.MED - POINT ZOULOU ou A L'ADRESSE (Niveau médical) ,Chute d'aéronef ZA BSPP,AR,2,10
103983,260,1er départ - G.MED - POINT ZOULOU ou A L'ADRESSE (Niveau médical) ,Chute d'aéronef ZA BSPP,VLI,1,10
8200,303,1er départ,Personne blessée en carrière ou en catacombes,VLR,1,45
8200,303,1er départ,Personne blessée en carrière ou en catacombes,EP,1,45
8200,303,1er départ,Personne blessée en carrière ou en catacombes,VLR,1,45
8200,303,1er départ,Personne blessée en carrière ou en catacombes,VSAV,1,45
103087,G.SBC,1er départ,Groupe de sauvegarde des biens culturels,PEV,1,58
103087,G.SBC,1er départ,Groupe de sauvegarde des biens culturels,VLR,1,58
103087,G.SBC,1er départ,Groupe de sauvegarde des biens culturels,DAP,1,58
4344,Surveil,Dispositif de surveillance,Dispositif de surveillance,EP,1,446
80345,A18,Acte de délinquance,CS Agressé,EP,2,23
80345,A18,Acte de délinquance,CS Agressé,VLR,1,23
80345,A18,Acte de délinquance,CS Agressé,FA non FACA,1,23
65297,106,Accès soutien (MODE DEGRADE),Feu en tunnel routier de grande longueur + de 300 mètres,EP,1,7
46062,1116,Module 1 (Composante INC/SSUAP/NRBC),Attentat avec explosion et/ou agent NRBC,VLR,1,211
91758,G.VGD,1er départ,Groupe ventilation grand débit,UMH 78,1,324
91758,G.VGD,1er départ,Groupe ventilation grand débit,UMH LARIB,1,324
91758,G.VGD,1er départ,Groupe ventilation grand débit,UMH NECK,1,324
79824,309,PROCEDURE COVID19,Personne intoxiquée ,VSAV,1,3
5341,G.ELD,Groupe d'exploration longue durée,Groupe d'exploration longue durée,VLR,1,498
5341,G.ELD,Groupe d'exploration longue durée,Groupe d'exploration longue durée,CELD,1,498
5341,G.ELD,Groupe d'exploration longue durée,Groupe d'exploration longue durée,VSAV,1,498
24164,703,1er départ,Affaissement de la chaussée,EP,1,193
66336,351,Procédure ROUGE,Personne malade lieu privé (domicile; ...),VSAV,1,44279
4287,Ronde,Ronde au feu,Ronde au feu ,EP,1,10122
92671,613,1er départ,Fuite CPCU ,EP,1,193
8292,P.RA,Groupe "EVACUATION PRA",PLAN ROUGE Alpha,EP,1,252
8292,P.RA,Groupe "EVACUATION PRA",PLAN ROUGE Alpha,VSAV,5,252
8292,P.RA,Groupe "EVACUATION PRA",PLAN ROUGE Alpha,VLR,1,252
8292,P.RA,Groupe "EVACUATION PRA",PLAN ROUGE Alpha,VLR,1,252
4453,332,1er départ,Personne tombée (notion de hauteur),EP,1,2904
8292,P.RA,Groupe "EVACUATION PRA",PLAN ROUGE Alpha,VSAV,3,252
8286,P.ROUGE,PLAN ROUGE Groupe "Evacuation",PLAN ROUGE,EP,1,162
8286,P.ROUGE,PLAN ROUGE Groupe "Evacuation",PLAN ROUGE,VSAV,5,162
8286,P.ROUGE,PLAN ROUGE Groupe "Evacuation",PLAN ROUGE,VLR,1,162
8286,P.ROUGE,PLAN ROUGE Groupe "Evacuation",PLAN ROUGE,VLR,1,162
8286,P.ROUGE,PLAN ROUGE Groupe "Evacuation",PLAN ROUGE,VPC GIS,1,162
76805,P.ROUGE,PLAN ROUGE Groupe "PMA"  (Niveau médical) ,PLAN ROUGE,AR,1,36
46067,1116,Module 2 (Composante SAN) Niveau médical,Attentat avec explosion et/ou agent NRBC,AR,1,2
54878,263,1er départ - R.CDT - A L'ADRESSE,Chute d'aéronef secteur BSPP hors ZVA et ZA,DAP,1,4
93195,P.JAUNE,Module 3 : Commandement,PLAN JAUNE,VAS,1,8
93195,P.JAUNE,Module 3 : Commandement,PLAN JAUNE,AR,1,8
93195,P.JAUNE,Module 3 : Commandement,PLAN JAUNE,VLR,1,8
93195,P.JAUNE,Module 3 : Commandement,PLAN JAUNE,VAC,1,8
79879,352,PROCEDURE COVID19,Personne blessée lieu privé (domicile; ...),VSAV,1,101
93195,P.JAUNE,Module 3 : Commandement,PLAN JAUNE,VAC,1,8
18785,EQ.RSMU,Equipe RSMU,Equipe RSMU,VRSD,1,253
26285,G.EC,Groupe enceinte de confinement,Groupe enceinte de confinement,EP,1,29
26285,G.EC,Groupe enceinte de confinement,Groupe enceinte de confinement,VIVP,1,29
395,111,1er départ,Feu de ... ou contigu à un contenant ,EP,1,54560
395,111,1er départ,Feu de ... ou contigu à un contenant ,EP,1,54560
395,111,1er départ,Feu de ... ou contigu à un contenant ,VLR,1,54560
417,116,1er départ,Explosion ,EP,1,732
417,116,1er départ,Explosion ,EP,1,732
417,116,1er départ,Explosion ,VLR,1,732
538,713,1er départ,Matériaux menaçant de chuter ,VPS,1,691
54666,803,1er départ,Levée de doute pollution aquatique,EP,1,744
54666,803,1er départ,Levée de doute pollution aquatique,VLR,1,744
54666,803,1er départ,Levée de doute pollution aquatique,EP,1,744
30644,Garde CMO SAN NIV 2,1er départ,Garde centre de mise en oeuvre niveau 2,VLR,1,2
30644,Garde CMO SAN NIV 2,1er départ,Garde centre de mise en oeuvre niveau 2,CMO SAN,1,2
9151,800,1er départ,Pollution aquatique avérée,VLR,1,518
9151,800,1er départ,Pollution aquatique avérée,EP,1,518
9151,800,1er départ,Pollution aquatique avérée,VLR,2,518
93195,P.JAUNE,Module 3 : Commandement,PLAN JAUNE,VPC APP,1,8
93195,P.JAUNE,Module 3 : Commandement,PLAN JAUNE,VLR,1,8
93201,P.JAUNE,Module 7 : Décontamination,PLAN JAUNE,EP,2,40
102913,913,1116 SUD,Mise en place d'un détachement prépositionné,VLR,2,165
102913,913,1116 SUD,Mise en place d'un détachement prépositionné,EP,2,165
102913,913,1116 SUD,Mise en place d'un détachement prépositionné,VSAV,2,165
102913,913,1116 SUD,Mise en place d'un détachement prépositionné,VI NRBC,1,165
102913,913,1116 SUD,Mise en place d'un détachement prépositionné,CELD,1,165
76970,119,G.ETARE,Feu ou explosion dans un immeuble de la 4e famille,VLR,1,20577
76970,119,G.ETARE,Feu ou explosion dans un immeuble de la 4e famille,EP,1,20577
76970,119,G.ETARE,Feu ou explosion dans un immeuble de la 4e famille,VSAV,1,20577
76970,119,G.ETARE,Feu ou explosion dans un immeuble de la 4e famille,VLR,1,20577
76970,119,G.ETARE,Feu ou explosion dans un immeuble de la 4e famille,EP,1,20577
76970,119,G.ETARE,Feu ou explosion dans un immeuble de la 4e famille,EP,1,20577
76970,119,G.ETARE,Feu ou explosion dans un immeuble de la 4e famille,EPA,1,20577
93201,P.JAUNE,Module 7 : Décontamination,PLAN JAUNE,VLR,1,40
93201,P.JAUNE,Module 7 : Décontamination,PLAN JAUNE,VLR,1,40
93195,P.JAUNE,Module 3 : Commandement,PLAN JAUNE,VLR,1,8
93195,P.JAUNE,Module 3 : Commandement,PLAN JAUNE,VAC,1,8
93195,P.JAUNE,Module 3 : Commandement,PLAN JAUNE,VSTI,1,8
66339,352,Procédure ROUGE,Personne blessée lieu privé (domicile; ...),VSAV,1,395
92668,401,1er départ,Ouverture de porte avec risque avéré,EP,1,3943
54892,114,1er départ,Feux de forêt; de broussailles en forêt; de chaumes ou de champs développés,VLR,1,446
54892,114,1er départ,Feux de forêt; de broussailles en forêt; de chaumes ou de champs développés,CCR,1,446
54892,114,1er départ,Feux de forêt; de broussailles en forêt; de chaumes ou de champs développés,EP,1,446
54892,114,1er départ,Feux de forêt; de broussailles en forêt; de chaumes ou de champs développés,VSAV,1,446
54892,114,1er départ,Feux de forêt; de broussailles en forêt; de chaumes ou de champs développés,VLR,1,446
54892,114,1er départ,Feux de forêt; de broussailles en forêt; de chaumes ou de champs développés,EP,1,446
54892,114,1er départ,Feux de forêt; de broussailles en forêt; de chaumes ou de champs développés,EPA,1,446
57005,CPLT DEPART ETARE,1er départ,Complément de départ ETARE,FPTL,1,1647
57005,CPLT DEPART ETARE,1er départ,Complément de départ ETARE,VSAV,1,1647
57005,CPLT DEPART ETARE,1er départ,Complément de départ ETARE,VLR,1,1647
54145,G.MED,Groupe médical (Niveau médical) ,Groupe médical,AR,1,208
89357,S.SOUT,S.SOUT - Intempéries,Section Soutien Opérationnel,VIGI,4,8
89357,S.SOUT,S.SOUT - Intempéries,Section Soutien Opérationnel,SP,2,8
89357,S.SOUT,S.SOUT - Intempéries,Section Soutien Opérationnel,SPCT,1,8
89357,S.SOUT,S.SOUT - Intempéries,Section Soutien Opérationnel,VLR,2,8
7024,5060,1er départ,Divagation d'animaux domestiques (sur réquisition),VPS,1,1
93203,P.JAUNE,Module 9 : Soutien,PLAN JAUNE,CRAC,1,40
54904,123,1er départ,Feu ou explosion sur un bateau sans passager,VLR,1,375
54904,123,1er départ,Feu ou explosion sur un bateau sans passager,EP,1,375
54904,123,1er départ,Feu ou explosion sur un bateau sans passager,VSAV,1,375
54904,123,1er départ,Feu ou explosion sur un bateau sans passager,VLR,1,375
54904,123,1er départ,Feu ou explosion sur un bateau sans passager,EP,1,375
54904,123,1er départ,Feu ou explosion sur un bateau sans passager,EP,1,375
54904,123,1er départ,Feu ou explosion sur un bateau sans passager,EPA,1,375
91351,A03,EMO Niveau 1,Activation EMO,CDT GAS,1,5667
91351,A03,EMO Niveau 1,Activation EMO,CDT GIS1,2,5667
54137,G.SSUAP,Groupe secours à personne,Groupe secours et soins d'urgence aux personnes,VSAV,4,1598
54137,G.SSUAP,Groupe secours à personne,Groupe secours et soins d'urgence aux personnes,VLR,1,1598
91351,A03,EMO Niveau 1,Activation EMO,CDT GIS2,1,5667
91351,A03,EMO Niveau 1,Activation EMO,CDT GIS3,1,5667
54921,319,1er départ,Prise d'otage massive,EP,1,56
54921,319,1er départ,Prise d'otage massive,EP,1,56
93203,P.JAUNE,Module 9 : Soutien,PLAN JAUNE,EP,1,40
93203,P.JAUNE,Module 9 : Soutien,PLAN JAUNE,VLR,1,40
26448,G.IMP,Groupe intervention en milieu périlleux,Groupe d'intervention en milieu périlleux,VIMP,1,470
26448,G.IMP,Groupe intervention en milieu périlleux,Groupe d'intervention en milieu périlleux,VAG,1,470
26448,G.IMP,Groupe intervention en milieu périlleux,Groupe d'intervention en milieu périlleux,VSAV,1,470
104840,G.PEIGASE,1er départ,Groupe Peigase,VI NRBC,1,20
104840,G.PEIGASE,1er départ,Groupe Peigase,VLR,1,20
54921,319,1er départ,Prise d'otage massive,VLR,1,56
88653,A18,attaque à caractère terroriste (niveau médical),CS Agressé,AR,1,1
409,333,1er départ,Personne tombée en excavation ou en gaine d'ascenseur ,VLR,1,300
409,333,1er départ,Personne tombée en excavation ou en gaine d'ascenseur ,EP,1,300
8252,G.EX,G.EX - Élément "extraction - petite noria",Groupe extraction,VPC GIS,1,60
409,333,1er départ,Personne tombée en excavation ou en gaine d'ascenseur ,VSAV,1,300
724,CPLT DN,Complément de départ normal,Complément de départ normal,EP,1,3324
724,CPLT DN,Complément de départ normal,Complément de départ normal,VLR,1,3324
724,CPLT DN,Complément de départ normal,Complément de départ normal,EP,1,3324
4204,399,Echelon modifiable par le médecin,Évacuation sanitaire,VSS,1,182
558,201,1er départ,Accident de circulation avec incarcéré ,EP,1,1185
24170,900,1er départ,Personne ne répondant pas aux appels,EP,1,65324
72909,340,1er départ,SSUAP en chantier souterrain,EP,1,186
72909,340,1er départ,SSUAP en chantier souterrain,VLR,1,186
72909,340,1er départ,SSUAP en chantier souterrain,EP,1,186
79450,G.HP,Groupe haute pression,Groupe haute pression,EP,1,117
79450,G.HP,Groupe haute pression,Groupe haute pression,VLR,1,117
69271,141,1er départ,Feu de véhicule de transport de matières dangereuses,VLR,1,79
69271,141,1er départ,Feu de véhicule de transport de matières dangereuses,EP,1,79
69271,141,1er départ,Feu de véhicule de transport de matières dangereuses,VSAV,1,79
69271,141,1er départ,Feu de véhicule de transport de matières dangereuses,VLR,1,79
69271,141,1er départ,Feu de véhicule de transport de matières dangereuses,EP,1,79
69271,141,1er départ,Feu de véhicule de transport de matières dangereuses,EP,1,79
69271,141,1er départ,Feu de véhicule de transport de matières dangereuses,EPA,1,79
54538,EQ.SIS,Equipe nautique SIS,Equipe nautique SIS,VPC CRF,1,13
94707,305,Procédure BLANCHE basculée au SAMU,Personne brûlée,PB15,1,246
25152,VAS NRBC,1er départ (Niveau médical),VAS + Lot VAS NRBC,VAS,1,1
80282,327,PROCEDURE ROUGE,Personne blessée par arme blanche,FA non FACA,1,612
532,615,1er départ,Prélèvement monoxyde de carbone ,VLR,1,7222
532,615,1er départ,Prélèvement monoxyde de carbone ,EP,1,7222
102910,913,317 NORD,Mise en place d'un détachement prépositionné,EP,1,106
102910,913,317 NORD,Mise en place d'un détachement prépositionné,VLR,1,106
102910,913,317 NORD,Mise en place d'un détachement prépositionné,VSAV,2,106
25318,91718,1er départ,Demande de concours au profit d'une direction de la préfecture de police,VLR,1,607
8366,8162,bec + off déconta,Confinement d'engin suspect NRBC; hors secteur BSPP (sur réquisition),VIVP,1,4
87519,R.HAB après G.HAB,Renfort habitation après Groupe habitation (Niveau médical) ,Renfort habitation après groupe habitation,AR,1,495
100031,301,Procédure BLANCHE basculée au SAMU,Personne malade lieu public (VP; ERP; ...),PB15,1,4649
93364,R.INC après G.INC,CPLT Ensemble Soutien,Renfort incendie après groupe incendie,VPC GIS,1,202
93364,R.INC après G.INC,CPLT Ensemble Soutien,Renfort incendie après groupe incendie,VLR,1,202
93364,R.INC après G.INC,CPLT Ensemble Soutien,Renfort incendie après groupe incendie,VAS,1,202
93364,R.INC après G.INC,CPLT Ensemble Soutien,Renfort incendie après groupe incendie,VRCP,1,202
80346,A18,attaque à caractère terroriste,CS Agressé,EP,1,80
80346,A18,attaque à caractère terroriste,CS Agressé,VSAV,2,80
80346,A18,attaque à caractère terroriste,CS Agressé,VLR,1,80
80346,A18,attaque à caractère terroriste,CS Agressé,FA non FACA,1,80
93364,R.INC après G.INC,CPLT Ensemble Soutien,Renfort incendie après groupe incendie,VLR,1,202
93364,R.INC après G.INC,CPLT Ensemble Soutien,Renfort incendie après groupe incendie,VI NRBC,1,202
93364,R.INC après G.INC,CPLT Ensemble Soutien,Renfort incendie après groupe incendie,VLR,1,202
93364,R.INC après G.INC,CPLT Ensemble Soutien,Renfort incendie après groupe incendie,VLR,1,202
93364,R.INC après G.INC,CPLT Ensemble Soutien,Renfort incendie après groupe incendie,VLR,1,202
79864,323,PROCEDURE COVID19,Parturiente ,VSAV,1,21
609,Garde opé GPT,Etat major de groupement d'incendie et de secours,Garde opérationnelle groupement,VLR,1,192
609,Garde opé GPT,Etat major de groupement d'incendie et de secours,Garde opérationnelle groupement,VLR,1,192
609,Garde opé GPT,Etat major de groupement d'incendie et de secours,Garde opérationnelle groupement,VAC,1,192
89351,G.SOUT,G.SOUT Naufragés de la route,Groupe Soutien Opérationnel,VIGI,2,9
89351,G.SOUT,G.SOUT Naufragés de la route,Groupe Soutien Opérationnel,SP,1,9
89351,G.SOUT,G.SOUT Naufragés de la route,Groupe Soutien Opérationnel,VLR,1,9
103981,260,1er départ - PC crise ADP,Chute d'aéronef ZA BSPP,VLR,1,2
103981,260,1er départ - PC crise ADP,Chute d'aéronef ZA BSPP,VLR,1,2
79109,G.MIR,G.MIR 2,Groupe motos d'intervention rapide,MIR ,2,101
93356,R.INC,Ensemble de Soutien,Renfort incendie,CRAC,1,658
93356,R.INC,Ensemble de Soutien,Renfort incendie,CD,1,658
93356,R.INC,Ensemble de Soutien,Renfort incendie,VPC GIS,1,658
93356,R.INC,Ensemble de Soutien,Renfort incendie,VLR,1,658
93356,R.INC,Ensemble de Soutien,Renfort incendie,VLR,1,658
93356,R.INC,Ensemble de Soutien,Renfort incendie,VLR,1,658
93356,R.INC,Ensemble de Soutien,Renfort incendie,VLR,1,658
93356,R.INC,Ensemble de Soutien,Renfort incendie,VAC,1,658
96092,G.VAD,1er départ,Groupe ventilation antidéflagrant,UMH AULN,1,90
96092,G.VAD,1er départ,Groupe ventilation antidéflagrant,UMH MTRLPED,1,90
93356,R.INC,Ensemble de Soutien,Renfort incendie,VAC,1,658
93356,R.INC,Ensemble de Soutien,Renfort incendie,VLR,1,658
54876,263,1er départ - G.ETARE + VRID - A L'ADRESSE,Chute d'aéronef secteur BSPP hors ZVA et ZA,VLR,1,40
54876,263,1er départ - G.ETARE + VRID - A L'ADRESSE,Chute d'aéronef secteur BSPP hors ZVA et ZA,EP,1,40
54876,263,1er départ - G.ETARE + VRID - A L'ADRESSE,Chute d'aéronef secteur BSPP hors ZVA et ZA,VSAV,1,40
54876,263,1er départ - G.ETARE + VRID - A L'ADRESSE,Chute d'aéronef secteur BSPP hors ZVA et ZA,VLR,1,40
54876,263,1er départ - G.ETARE + VRID - A L'ADRESSE,Chute d'aéronef secteur BSPP hors ZVA et ZA,EP,1,40
54876,263,1er départ - G.ETARE + VRID - A L'ADRESSE,Chute d'aéronef secteur BSPP hors ZVA et ZA,EP,1,40
54876,263,1er départ - G.ETARE + VRID - A L'ADRESSE,Chute d'aéronef secteur BSPP hors ZVA et ZA,EPA,1,40
93356,R.INC,Ensemble de Soutien,Renfort incendie,VSAV,1,658
93356,R.INC,Ensemble de Soutien,Renfort incendie,CELD,1,658
93356,R.INC,Ensemble de Soutien,Renfort incendie,CELD,1,658
93356,R.INC,Ensemble de Soutien,Renfort incendie,VLR,1,658
93356,R.INC,Ensemble de Soutien,Renfort incendie,VLR,1,658
93356,R.INC,Ensemble de Soutien,Renfort incendie,VLR,1,658
93356,R.INC,Ensemble de Soutien,Renfort incendie,VLR,1,658
93356,R.INC,Ensemble de Soutien,Renfort incendie,EP,1,658
87516,R.HAB après G.HAB,Renfort habitation après Groupe habitation,Renfort habitation après groupe habitation,PEV,1,1930
87516,R.HAB après G.HAB,Renfort habitation après Groupe habitation,Renfort habitation après groupe habitation,CD,1,1930
93356,R.INC,Ensemble de Soutien,Renfort incendie,EP,1,658
93356,R.INC,Ensemble de Soutien,Renfort incendie,VREX,1,658
93356,R.INC,Ensemble de Soutien,Renfort incendie,VREX,1,658
93356,R.INC,Ensemble de Soutien,Renfort incendie,VLTT,1,658
87516,R.HAB après G.HAB,Renfort habitation après Groupe habitation,Renfort habitation après groupe habitation,VLR,1,1930
87516,R.HAB après G.HAB,Renfort habitation après Groupe habitation,Renfort habitation après groupe habitation,VLR,1,1930
87516,R.HAB après G.HAB,Renfort habitation après Groupe habitation,Renfort habitation après groupe habitation,VLR,1,1930
87516,R.HAB après G.HAB,Renfort habitation après Groupe habitation,Renfort habitation après groupe habitation,VAS,1,1930
87516,R.HAB après G.HAB,Renfort habitation après Groupe habitation,Renfort habitation après groupe habitation,VAS,1,1930
87516,R.HAB après G.HAB,Renfort habitation après Groupe habitation,Renfort habitation après groupe habitation,EPA,1,1930
87516,R.HAB après G.HAB,Renfort habitation après Groupe habitation,Renfort habitation après groupe habitation,VLR,1,1930
87516,R.HAB après G.HAB,Renfort habitation après Groupe habitation,Renfort habitation après groupe habitation,CELD,1,1930
87516,R.HAB après G.HAB,Renfort habitation après Groupe habitation,Renfort habitation après groupe habitation,VSAV,1,1930
87516,R.HAB après G.HAB,Renfort habitation après Groupe habitation,Renfort habitation après groupe habitation,VLR,1,1930
87516,R.HAB après G.HAB,Renfort habitation après Groupe habitation,Renfort habitation après groupe habitation,VSAV,1,1930
87516,R.HAB après G.HAB,Renfort habitation après Groupe habitation,Renfort habitation après groupe habitation,EP,2,1930
87516,R.HAB après G.HAB,Renfort habitation après Groupe habitation,Renfort habitation après groupe habitation,EP,1,1930
87516,R.HAB après G.HAB,Renfort habitation après Groupe habitation,Renfort habitation après groupe habitation,EP,1,1930
87516,R.HAB après G.HAB,Renfort habitation après Groupe habitation,Renfort habitation après groupe habitation,VLR,1,1930
87516,R.HAB après G.HAB,Renfort habitation après Groupe habitation,Renfort habitation après groupe habitation,VI NRBC,1,1930
87516,R.HAB après G.HAB,Renfort habitation après Groupe habitation,Renfort habitation après groupe habitation,VLR,1,1930
87516,R.HAB après G.HAB,Renfort habitation après Groupe habitation,Renfort habitation après groupe habitation,VLR,1,1930
87516,R.HAB après G.HAB,Renfort habitation après Groupe habitation,Renfort habitation après groupe habitation,VLR,1,1930
87516,R.HAB après G.HAB,Renfort habitation après Groupe habitation,Renfort habitation après groupe habitation,VLR,1,1930
87516,R.HAB après G.HAB,Renfort habitation après Groupe habitation,Renfort habitation après groupe habitation,VLR,1,1930
93356,R.INC,Ensemble de Soutien,Renfort incendie,VLTT,1,658
93356,R.INC,Ensemble de Soutien,Renfort incendie,VRID,1,658
93356,R.INC,Ensemble de Soutien,Renfort incendie,VRID,1,658
93356,R.INC,Ensemble de Soutien,Renfort incendie,VI NRBC,1,658
93356,R.INC,Ensemble de Soutien,Renfort incendie,VI NRBC,1,658
93356,R.INC,Ensemble de Soutien,Renfort incendie,VPMA,1,658
93356,R.INC,Ensemble de Soutien,Renfort incendie,VLR,1,658
93356,R.INC,Ensemble de Soutien,Renfort incendie,VLR,1,658
93356,R.INC,Ensemble de Soutien,Renfort incendie,VLR,1,658
93356,R.INC,Ensemble de Soutien,Renfort incendie,VLR,1,658
93356,R.INC,Ensemble de Soutien,Renfort incendie,VLR,1,658
93356,R.INC,Ensemble de Soutien,Renfort incendie,VLR,1,658
486,304,1er départ,Personne pendue ,VSAV,1,792
76513,G.ST,Groupe de soutien télécommunications,Groupe de soutien télécommunication,VAC,1,73
76513,G.ST,Groupe de soutien télécommunications,Groupe de soutien télécommunication,VSTI,1,73
4242,620,1er départ,Court-circuit ,EP,1,3474
101087,317 NORD,1er départ,Attentat hors Explosion  / NRBC NORD,EP,1,12
100432,118,G.ELD,Feu ou explosion dans un parc de stationnement couvert,VLR,1,801
101087,317 NORD,1er départ,Attentat hors Explosion  / NRBC NORD,VLR,1,12
100432,118,G.ELD,Feu ou explosion dans un parc de stationnement couvert,CELD,1,801
101087,317 NORD,1er départ,Attentat hors Explosion  / NRBC NORD,VSAV,2,12
100432,118,G.ELD,Feu ou explosion dans un parc de stationnement couvert,VSAV,1,801
89354,S.SOUT,S.SOUT SUAP - Brancardage,Section Soutien Opérationnel,VIGI,4,14
89354,S.SOUT,S.SOUT SUAP - Brancardage,Section Soutien Opérationnel,SP,2,14
89354,S.SOUT,S.SOUT SUAP - Brancardage,Section Soutien Opérationnel,SPCT,1,14
89354,S.SOUT,S.SOUT SUAP - Brancardage,Section Soutien Opérationnel,VLR,2,14
93356,R.INC,Ensemble de Soutien,Renfort incendie,VLR,1,658
80257,307,PROCEDURE COVID 19,Tentative de suicide ,FA non FACA,1,5
66363,207,Procédure ROUGE,Accident de 2 roues ,VSAV,1,258
8272,G.EVAC,Groupe évacuation,Groupe évacuation,EP,1,216
8272,G.EVAC,Groupe évacuation,Groupe évacuation,VSAV,5,216
8272,G.EVAC,Groupe évacuation,Groupe évacuation,VLR,1,216
8272,G.EVAC,Groupe évacuation,Groupe évacuation,VLR,1,216
8272,G.EVAC,Groupe évacuation,Groupe évacuation,VPC GIS,1,216
54157,G.CDT MED,Groupe d'aide au commandement médical,Groupe d'aide au commandement médical,CMO SAN,1,244
54157,G.CDT MED,Groupe d'aide au commandement médical,Groupe d'aide au commandement médical,VAS,1,244
54157,G.CDT MED,Groupe d'aide au commandement médical,Groupe d'aide au commandement médical,LOUV EQUI,1,244
54157,G.CDT MED,Groupe d'aide au commandement médical,Groupe d'aide au commandement médical,CCR,1,244
80257,307,PROCEDURE COVID 19,Tentative de suicide ,VSAV,1,5
93356,R.INC,Ensemble de Soutien,Renfort incendie,VLR,1,658
93356,R.INC,Ensemble de Soutien,Renfort incendie,VI NRBC,1,658
93356,R.INC,Ensemble de Soutien,Renfort incendie,VLR,1,658
53960,G.HYDRO,Groupe environement hydrocarbure,Groupe Environnement Hydrocarbure,VLR,1,24
53960,G.HYDRO,Groupe environement hydrocarbure,Groupe Environnement Hydrocarbure,VLR,3,24
53960,G.HYDRO,Groupe environement hydrocarbure,Groupe Environnement Hydrocarbure,VLR,1,24
53960,G.HYDRO,Groupe environement hydrocarbure,Groupe Environnement Hydrocarbure,VLR,1,24
103088,S.SBC,1er départ,Section de sauvegarde des biens culturels,EP,1,116
65298,106,Accès aval (MODE DEGRADE),Feu en tunnel routier de grande longueur + de 300 mètres,EP,1,16
93198,P.JAUNE,Module 4 : Point de Regroupement des Victimes (Niveau médical) ,PLAN JAUNE,AR,1,25
93198,P.JAUNE,Module 4 : Point de Regroupement des Victimes (Niveau médical) ,PLAN JAUNE,VLI,1,25
103088,S.SBC,1er départ,Section de sauvegarde des biens culturels,HELI,1,116
103088,S.SBC,1er départ,Section de sauvegarde des biens culturels,VIGI,4,116
103088,S.SBC,1er départ,Section de sauvegarde des biens culturels,SP,2,116
103088,S.SBC,1er départ,Section de sauvegarde des biens culturels,SPCT,1,116
103088,S.SBC,1er départ,Section de sauvegarde des biens culturels,VLR,2,116
103088,S.SBC,1er départ,Section de sauvegarde des biens culturels,VPC APP,1,116
24147,6101,1er départ,Fuite de gaz PGR cas A1 (fuite fermée),VLR,1,534
24147,6101,1er départ,Fuite de gaz PGR cas A1 (fuite fermée),EP,1,534
24147,6101,1er départ,Fuite de gaz PGR cas A1 (fuite fermée),EP,1,534
28438,105,1er départ,Feu sur voie rapide (autoroute; voie express; périphérique) ,EP,1,81
9162,2080,1er départ,Accident fluvial de bateau avec passagers,VLR,1,107
9162,2080,1er départ,Accident fluvial de bateau avec passagers,EP,1,107
9162,2080,1er départ,Accident fluvial de bateau avec passagers,VSAV,1,107
9162,2080,1er départ,Accident fluvial de bateau avec passagers,VLR,1,107
9162,2080,1er départ,Accident fluvial de bateau avec passagers,EP,1,107
9162,2080,1er départ,Accident fluvial de bateau avec passagers,EP,1,107
9162,2080,1er départ,Accident fluvial de bateau avec passagers,EPA,1,107
103088,S.SBC,1er départ,Section de sauvegarde des biens culturels,VLR,1,116
103088,S.SBC,1er départ,Section de sauvegarde des biens culturels,PEV,1,116
103088,S.SBC,1er départ,Section de sauvegarde des biens culturels,VLR,1,116
103088,S.SBC,1er départ,Section de sauvegarde des biens culturels,DAP,1,116
529,611,1er départ,Fuite de gaz (autres) ,VLR,1,800
529,611,1er départ,Fuite de gaz (autres) ,EP,1,800
24159,403,1er départ,Personne en difficulté,EP,1,3556
54541,G.IR,Groupe d'intervention radiologique,Groupe d'intervention radiologique,VI NRBC,1,12
54541,G.IR,Groupe d'intervention radiologique,Groupe d'intervention radiologique,VA NRBC,1,12
54541,G.IR,Groupe d'intervention radiologique,Groupe d'intervention radiologique,VLR,1,12
54541,G.IR,Groupe d'intervention radiologique,Groupe d'intervention radiologique,VLR,1,12
80280,321,1er départ,Personne présentant une menace immédiate et réelle,EP,1,27685
80280,321,1er départ,Personne présentant une menace immédiate et réelle,EP,1,27685
80280,321,1er départ,Personne présentant une menace immédiate et réelle,EP,1,27685
80280,321,1er départ,Personne présentant une menace immédiate et réelle,FA non FACA,1,27685
541,730,1er départ,Protection aire de poser hélicoptère ,EP,1,17
541,730,1er départ,Protection aire de poser hélicoptère ,VLR,1,17
54919,217,Module accès principal,Accident sur un réseau ferré. En station; inter-station; gare; inter-gare ou portion aérienne. (Voir INTERFER),VLR,1,12
54919,217,Module accès principal,Accident sur un réseau ferré. En station; inter-station; gare; inter-gare ou portion aérienne. (Voir INTERFER),EP,1,12
54919,217,Module accès principal,Accident sur un réseau ferré. En station; inter-station; gare; inter-gare ou portion aérienne. (Voir INTERFER),VSAV,1,12
54919,217,Module accès principal,Accident sur un réseau ferré. En station; inter-station; gare; inter-gare ou portion aérienne. (Voir INTERFER),VLR,1,12
54919,217,Module accès principal,Accident sur un réseau ferré. En station; inter-station; gare; inter-gare ou portion aérienne. (Voir INTERFER),EP,1,12
54919,217,Module accès principal,Accident sur un réseau ferré. En station; inter-station; gare; inter-gare ou portion aérienne. (Voir INTERFER),EP,1,12
54919,217,Module accès principal,Accident sur un réseau ferré. En station; inter-station; gare; inter-gare ou portion aérienne. (Voir INTERFER),EPA,1,12
102908,913,NOVI NORD,Mise en place d'un détachement prépositionné,EP,4,540
102908,913,NOVI NORD,Mise en place d'un détachement prépositionné,VSAV,5,540
102908,913,NOVI NORD,Mise en place d'un détachement prépositionné,VLR,2,540
102908,913,NOVI NORD,Mise en place d'un détachement prépositionné,VPMA,1,540
492,311,1er départ,Personne noyée hors plan d'eau ,VSAV,1,175
88026,S.RCP,Section de remsie en condition du personnel,Section de remise en condition du personnel,VRCP,1,526
88026,S.RCP,Section de remsie en condition du personnel,Section de remise en condition du personnel,VRCP,1,526
87516,R.HAB après G.HAB,Renfort habitation après Groupe habitation,Renfort habitation après groupe habitation,VI NRBC,1,1930
87516,R.HAB après G.HAB,Renfort habitation après Groupe habitation,Renfort habitation après groupe habitation,VLR,1,1930
88026,S.RCP,Section de remsie en condition du personnel,Section de remise en condition du personnel,VSAV,1,526
88026,S.RCP,Section de remsie en condition du personnel,Section de remise en condition du personnel,CRAC,1,526
88026,S.RCP,Section de remsie en condition du personnel,Section de remise en condition du personnel,VRCP,1,526
88026,S.RCP,Section de remsie en condition du personnel,Section de remise en condition du personnel,VPMA,1,526
88026,S.RCP,Section de remsie en condition du personnel,Section de remise en condition du personnel,VE2I,1,526
88026,S.RCP,Section de remsie en condition du personnel,Section de remise en condition du personnel,VE2I,1,526
88026,S.RCP,Section de remsie en condition du personnel,Section de remise en condition du personnel,VE2I,1,526
88026,S.RCP,Section de remsie en condition du personnel,Section de remise en condition du personnel,VLR,1,526
88026,S.RCP,Section de remsie en condition du personnel,Section de remise en condition du personnel,VLR,1,526
88026,S.RCP,Section de remsie en condition du personnel,Section de remise en condition du personnel,VPMA,1,526
88026,S.RCP,Section de remsie en condition du personnel,Section de remise en condition du personnel,VPMA,1,526
88026,S.RCP,Section de remsie en condition du personnel,Section de remise en condition du personnel,VSAV,1,526
66317,315,Procédure BLANCHE / ORANGE,Secours à victime dans une cabine d'ascenseur,EP,1,1586
93364,R.INC après G.INC,CPLT Ensemble Soutien,Renfort incendie après groupe incendie,VLR,1,202
93364,R.INC après G.INC,CPLT Ensemble Soutien,Renfort incendie après groupe incendie,VI NRBC,1,202
93364,R.INC après G.INC,CPLT Ensemble Soutien,Renfort incendie après groupe incendie,VLR,1,202
18786,G.RSMU,Groupe RSMU,Groupe de recherche et de sauvetage en milieu urbain,VRSD,1,889
18786,G.RSMU,Groupe RSMU,Groupe de recherche et de sauvetage en milieu urbain,CESD,1,889
88026,S.RCP,Section de remsie en condition du personnel,Section de remise en condition du personnel,VE2I,1,526
66300,308,Procédure ROUGE,Intoxication médicamenteuse,VSAV,1,295
4156,FACA,FACA,Fourgon et camion d'accompagnement,CA,1,546
4156,FACA,FACA,Fourgon et camion d'accompagnement,VPB,1,546
8215,A04,1er départ,Assistance engin en panne,DEP,1,632
96410,113,1er départ,Feu de broussailles; buissons; hautes herbes hors forêt. Feu de chaumes ou de champs de faible ampleur.,EP,1,1684
8407,A06,Activation CSO BACKUP,Activation CSO BACKUP,CDT,1,220
66351,206,Procédure ROUGE,Piéton renversé ,VSAV,1,274
8166,G.CDT,Groupe d'aide au commandement,Groupe d'aide au commandement,VLR,1,3725
8166,G.CDT,Groupe d'aide au commandement,Groupe d'aide au commandement,VAC,1,3725
8166,G.CDT,Groupe d'aide au commandement,Groupe d'aide au commandement,VAC,1,3725
4156,FACA,FACA,Fourgon et camion d'accompagnement,PST,1,546